id,producto,description,precio,categorias,imagen,linkPago
198,Juego Sabana King Size 150 H Dohler,"JUEGO DE SABANAS ESTAMPADA DOHLER KING SIZE - 150 HILOS 100% ALGODÓN - GRAMAJE: 90g/m² TACTO SUAVE, ..",,General,https://nuvex.uy/image/cache/catalog/CATEGORIAS/CAMA/CAMP%204/7891497055788.jpg,<paymentLink>
197,Juego Sabana King Size 130 H Dohler,COD OR: 7730784145156                    &nbs..,,General,https://nuvex.uy/image/cache/catalog/CATEGORIAS/CAMA/7891497055771.jpg,<paymentLink>
195,Juego Sabana Queen 150h E Dohler,"JUEGO DE SABANAS DOHLER QUEEN SIZE - 150 HILOS 100% ALGODÓN - GRAMAJE: 90g/m² TACTO SUAVE, EXCELENTE..",,General,https://nuvex.uy/image/cache/catalog/CATEGORIAS/CAMA/CAMP%204/7900033037147%20-%207900033037130%20(1).jpg,<paymentLink>
196,Colcha Dohler Queen C/funda,COD OR: 7891497871869                    &nbs..,,General,https://nuvex.uy/image/cache/catalog/CATEGORIAS/CAMA/CAMP%204/7891497872156%20-%207891497872149%20-%207891497871869%20(1).jpg,<paymentLink>
150,Juego Sabana King 180h  Home Class Estampada,JUEGO DE SABANAS 100% ALGODÓN - 180HILOS ESTAMPADAKING SIZE - SABANA AJUSTABLE: 180x200+40cm.SABANA ..,,General,https://nuvex.uy/image/cache/catalog/CATEGORIAS/CAMA/CAMP%204/7730784167066%20-%207730784167080%20-%207730784167103%20-%207730784167127%20(1).jpg,<paymentLink>
149,Juego Sabana King 180h  Home Class,JUEGO DE SABANAS 100% ALGODÓN - 180HILOSKING SIZE - SABANA AJUSTABLE: 180x200+40cm.SABANA SUPERIOR: ..,,General,https://nuvex.uy/image/cache/catalog/CATEGORIAS/CAMA/CAMP%204/7730784145071%20-%207730784145095%20-%207730784145118%20-%207730784145132%20(1).jpg,<paymentLink>
194,Colcha Dohler Full,CUBRECAMA PIQUET DE 2 PLAZAS FULL CONFECCIONADO POR DOHLER INCLUYE: 1 COLCHA DE 220 CM ANCHO X 250 C..,,General,https://nuvex.uy/image/cache/catalog/CATEGORIAS/CAMA/CAMP%204/7891497871814%20-%207891497871807%20(1).jpg,<paymentLink>
193,Juego Sabana Queen Size 200 H Dohler,COD OR: 7891497135329                    &nbs..,,General,https://nuvex.uy/image/cache/catalog/CATEGORIAS/CAMA/CAMP%204/7891497135343%20-%207891497135329.jpg,<paymentLink>
192,Juego Sabana Queen Size 180 H Dohler,COD OR: 7891497135770                    &nbs..,,General,https://nuvex.uy/image/cache/catalog/CATEGORIAS/CAMA/CAMP%204/7891497135770.jpg,<paymentLink>
191,Colcha Dohler Queen Size C/funda,"COLCHA LISA CON FUNDA DOHLER TAMAÑO QUEEN SIZE MATERIAL: 100% POLYESTER - SUPER SUAVE, EXCELENTE CAL..",,General,https://nuvex.uy/image/cache/catalog/CATEGORIAS/CAMA/CAMP%204/7891497029796.jpg,<paymentLink>
189,Juego Sabana King 130h L Home Class,COD OR: 7730784164171                    &nbs..,,General,https://nuvex.uy/image/cache/catalog/CATEGORIAS/CAMA/CAMP%204/7730784164140%20-%207730784164157%20-%207730784164164%20-%207730784164171%20(1).jpg,<paymentLink>
190,Juego Sabana 2 Plazas 150 H Dohler,"JUEGO DE SABANAS ESTAMPADA DOHLER 2 PLAZAS - 150 HILOS 100% ALGODÓN - GRAMAJE: 90g/m² TACTO SUAVE, E..",,General,https://nuvex.uy/image/cache/catalog/CATEGORIAS/CAMA/CAMP%204/7891497291070%20-%207891497290981%20(1).jpg,<paymentLink>
187,Juego Sabana Queen 180h Home Class,JUEGO DE SABANAS 100% ALGODÓN - 180HILOS - QUEEN SIZE -SABANA AJUSTABLE: 160x200+30cm - SABANA SUPER..,,General,https://nuvex.uy/image/cache/catalog/CATEGORIAS/CAMA/CAMP%204/7730784145071%20-%207730784145095%20-%207730784145118%20-%207730784145132%20(1).jpg,<paymentLink>
188,Juego Sabana Queen 130h Dohler,"JUEGO DE SABANAS ESTAMPADA DOHLER QUEEN SIZE - 130 HILOS100% ALGODÓN - GRAMAJE: 100g/m² TACTO SUAVE,..",,General,https://nuvex.uy/image/cache/catalog/CATEGORIAS/CAMA/CAMP%204/7900033017828%20(1).jpg,<paymentLink>
186,Juego Sabana 2 Plazas 180h Home Class,JUEGO DE SABANAS 100% ALGODÓN - 180HILOS2 PLAZAS - SABANA AJUSTABLE: 140x200+30cm.SABANA SUPERIOR: 2..,,General,https://nuvex.uy/image/cache/catalog/CATEGORIAS/CAMA/CAMP%204/7730784145071%20-%207730784145095%20-%207730784145118%20-%207730784145132%20(1).jpg,<paymentLink>
184,Juego Sabana Full 130h Dohler,"JUEGO DE SABANAS ESTAMPADA DOHLER 2 PLAZAS 130 HILOS 100% ALGODÓN - GRAMAJE: 100g/m² TACTO SUAVE, EX..",,General,https://nuvex.uy/image/cache/catalog/CATEGORIAS/CAMA/CAMP%204/7900033017811%20-%207900033017804%20-%207900033017798%20(1).jpg,<paymentLink>
183,Juego Sabana 1pza 150h Dohler Estampada,"JUEGO DE SABANAS ESTAMPADA DOHLER 1 PLAZA - 150 HILOS 100% ALGODÓN - GRAMAJE: 90g/m² TACTO SUAVE, EX..",,General,https://nuvex.uy/image/cache/catalog/CATEGORIAS/CAMA/CAMP%204/7900033037147%20-%207900033037130%20(1).jpg,<paymentLink>
181,Colcha Dohler 1pza Lisa,CUBRECAMA PIQUET DE 1 PLAZA CONFECCIONADO POR DOHLER INCLUYE: 1 COLCHA DE 160 CM ANCHO X 250 CM LARG..,,General,https://nuvex.uy/image/cache/catalog/CATEGORIAS/CAMA/CAMP%204/7891497871814%20-%207891497871807%20(1).jpg,<paymentLink>
178,Juego Sabana 1 Plaza 180h L Home Class,JUEGO DE SABANAS 100% ALGODÓN - 180HILOS1 PLAZA - SABANA AJUSTABLE: 100x200+30cm.SABANA SUPERIOR: 18..,,General,https://nuvex.uy/image/cache/catalog/CATEGORIAS/CAMA/CAMP%204/7730784145088%20-%207730784145101.png,<paymentLink>
182,Colcha Dohler 1 Plaza C/funda Verde,COD OR: 7891497029970                    &nbs..,,General,https://nuvex.uy/image/cache/catalog/CATEGORIAS/CAMA/CAMP%204/7891497029970.jpg,<paymentLink>
146,Cortina Dormitorio Dohler Rosane,COD OR: 7891497631432                    &nbs..,,General,https://nuvex.uy/image/cache/catalog/CATEGORIAS/CAMA/CAMP%204/7891497522310%207891497631432%20(1).jpg,<paymentLink>
175,Juego Sabana 1pza 130h Dohler Estampada,"JUEGO DE SABANAS ESTAMPADA DOHLER 1 PLAZA 130 HILOS100% ALGODÓN - GRAMAJE: 100g/m² TACTO SUAVE, EXCE..",,General,https://nuvex.uy/image/cache/catalog/CATEGORIAS/CAMA/CAMP%204/7900033017811%20-%207900033017804%20-%207900033017798%20(1).jpg,<paymentLink>
176,Juego Sabana 1pza 130h Dohler,"JUEGO DE SABANAS ESTAMPADA DOHLER 1 PLAZA 130 HILOS 100% ALGODÓN GRAMAJE: 100g/m² TACTO SUAVE, EXCEL..",,General,https://nuvex.uy/image/cache/catalog/CATEGORIAS/CAMA/CAMP%204/7900033017965%20-%207900033017958%20-%207900033017941.jpg,<paymentLink>
180,Cortina Dormitorio Dohler Rosane,COD OR: 7891497522310                    &nbs..,,General,https://nuvex.uy/image/cache/catalog/CATEGORIAS/CAMA/CAMP%204/7891497522310%207891497631432%20(1).jpg,<paymentLink>
177,Juego Sabana 1 Plaza 200 H Dohler,COD OR: 7891497135343                    ..,,General,https://nuvex.uy/image/cache/catalog/CATEGORIAS/CAMA/CAMP%204/7891497135343%20-%207891497135329.jpg,<paymentLink>
179,Protector De Colchon Richmond King Size Blanco,COD OR: 7730784141820                    &nbs..,,General,https://nuvex.uy/image/cache/catalog/CATEGORIAS/CAMA/CAMP%204/7730784141790%20-%207730784141806%20-%207730784141813%20-%207730784141820%20(1).jpg,<paymentLink>
174,Almohada Flor De Algodon,COD OR: 7896630349892                    &nbs..,,General,https://nuvex.uy/image/cache/catalog/CATEGORIAS/CAMA/CAMP%204/7896630349892%20(1).jpg,<paymentLink>
173,Colcha Richmond Jacq Pompon 1 Plaza,COLCHA CON POMPON100% POLIESTERMEDIDAS: 150x240cm..,,General,https://nuvex.uy/image/cache/catalog/CATEGORIAS/CAMA/CAMP%204/7730784137397.jpg,<paymentLink>
155,Frazada King Mic Flannel Home Class,"FRAZADA KING SIZEMEDIDAS 240x260cmCOMPOSICIÓN: 100% POLIESTER, DELICADA SUAVIDAD, EXCELENTE CALIDAD,..",,General,https://nuvex.uy/image/cache/catalog/CATEGORIAS/CAMA/CAMP%204/7730784083762%20-%207730784083823%20-%207730784083885%20(1).jpg,<paymentLink>
122,Frazada 2 Pzas Mic Flannel Home Class,"FRAZADA DE 2 PLAZAS.MEDIDAS 200x240cmCOMPOSICIÓN: 100% POLIESTER, DELICADA SUAVIDAD, EXCELENTE CALID..",,General,https://nuvex.uy/image/cache/catalog/CATEGORIAS/CAMA/CAMP%204/7730784143954%20-%207730784168575%20(1).jpg,<paymentLink>
127,Almohada Fibrasca Plumax,COD OR: 7896630342350                    &nbs..,,General,https://nuvex.uy/image/cache/catalog/CATEGORIAS/CAMA/CAMP%204/7896630342350.jpg,<paymentLink>
172,Almohada Nasa Ultra,COD OR: 7896630344118                    &nbs..,,General,https://nuvex.uy/image/cache/catalog/CATEGORIAS/CAMA/CAMP%204/7896630344118%20(1).png,<paymentLink>
116,Frazada 1 Pza Mic Flannel Home Class,"FRAZADA DE 1 PLAZAMEDIDAS 150x240cmCOMPOSICIÓN: 100% POLIESTERDELICADA SUAVIDAD, EXCELENTE CALIDAD, ..",,General,https://nuvex.uy/image/cache/catalog/CATEGORIAS/CAMA/CAMP%204/7730784154585%20-%207730784154592%20-%207730784154608%20-%20CAMA%20FRAZADA%20MIC.%20FLANNEL%20HOME%20CLASS%20-%20VERDE%20(1).jpg,<paymentLink>
86,Juego Sabana Queen Size Richmond Estampada,JUEGO DE SABANA QUEEN SIZE ESTAMPADA SABANA SUPERIOR: 240x225cm.SABANA AJUSTABLE: 160x200+30cm.2 FUN..,,General,https://nuvex.uy/image/cache/catalog/CATEGORIAS/CAMA/CAMP%204/7730784174378%207730784174392%207730784174422%207730784174453%20CAMA%20JGO%20SABANA%20E%20RICHMOND%20311-2%20HOJAS%20VERDE%20(1).png,<paymentLink>
57,Juego Sabana Queen Size Richmond,JUEGO DE SABANA QUEEN SIZE. SABANA SUPERIOR: 240x225cm.SABANA AJUSTABLE: 160x200+30cm.2 FUNDAS: 50x7..,,General,https://nuvex.uy/image/cache/catalog/CATEGORIAS/CAMA/CAMP%204/7730784167868%20-%207730784138110%20(2).jpg,<paymentLink>
87,Juego Sabana Queen Size Bukara Estampada,JUEGO DE SABANA QUEEN SIZE ESTAMPADA SABANA SUPERIOR: 240x225cm.SABANA AJUSTABLE: 160x200+30cm.2 FUN..,,General,https://nuvex.uy/image/cache/catalog/CATEGORIAS/CAMA/CAMP%204/7730784174354%207730784174408%207730784174439%20CAMA%20JGO%20SABANA%20E%20BUKARA%20255-1%20ARABESCO%20ROSA%20(1).png,<paymentLink>
88,Jgo Sabana 2 Pza  Richmond Estampada,JUEGO DE SÁBANA 2 PLAZAS ESTAMPADA. SÁBANA SUPERIOR: 200x225cm.SÁBANA AJUSTABLE: 140x190+30cm.2 FUND..,,General,https://nuvex.uy/image/cache/catalog/CATEGORIAS/CAMA/CAMP%204/7730784170486%20-%207730784170509%20-%207730784170547%20-%207730784170585%20(1).png,<paymentLink>
89,Jgo Sabana 2 Pza  Bukara Estampada,JUEGO DE SÁBANA 2 PLAZAS ESTAMPADA. SÁBANA SUPERIOR: 200x225cm.SÁBANA AJUSTABLE: 140x190+30cm.2 FUND..,,General,https://nuvex.uy/image/cache/catalog/CATEGORIAS/CAMA/CAMP%204/7730784174361%207730784174385%207730784174415%207730784174446%20CAMA%20JGO%20SABANA%20E%20BUKARA%20255-2%20ARABESCO%20GRIS%20(1).png,<paymentLink>
170,Juego Sabana Mic. 1 Pza,JUEGO DE SÁBANA INFANTIL 1 PLAZA. 3 PIEZAS: SÁBANA SUPERIOR: 140x225cm. SÁBANA AJUSTABLE: 90x188+20c..,,General,https://nuvex.uy/image/cache/catalog/CATEGORIAS/CAMA/CAMP%204/7730784162337.png,<paymentLink>
171,Almohada Nasa Confort 3 Visco,COD OR: 7896630342527                   ..,,General,https://nuvex.uy/image/cache/catalog/CATEGORIAS/CAMA/CAMP%204/7896630341452.jpg,<paymentLink>
169,Almohada Frostygel Fibra,COD OR: 7896630343456                    &nbs..,,General,https://nuvex.uy/image/cache/catalog/CATEGORIAS/CAMA/CAMP%204/7896630343456.jpg,<paymentLink>
156,Juego Sabana Queen Size Roma,Cod: 7730784136307     JUEGO DE SABANA QUEEN SIZECONTIENE 4 PIEZAS: 1 SABANA SUP..,,General,https://nuvex.uy/image/cache/catalog/CATEGORIAS/CAMA/CAMP%204/7730784136307.jpg,<paymentLink>
168,Almohada Richmond Pluma,COD OR: 7730784160814                    &nbs..,,General,https://nuvex.uy/image/cache/catalog/CATEGORIAS/CAMA/CAMP%204/7730784160814.jpg,<paymentLink>
167,Almohada Percal Sublime Blanca,COD OR: 7896630341155                    &nbs..,,General,https://nuvex.uy/image/cache/catalog/CATEGORIAS/CAMA/CAMP%204/7896630346051%20(1).png,<paymentLink>
62,Juego Sabana 1.5 Pza  Richmond Estampada,JUEGO DE SÁBANA 1 PLAZA Y MEDIA ESTAMPADA. SÁBANA SUPERIOR: 180x240cm. SÁBANA AJUSTABLE: 120x190+30c..,,General,https://nuvex.uy/image/cache/catalog/CATEGORIAS/CAMA/CAMP%204/7730784174378%207730784174392%207730784174422%207730784174453%20CAMA%20JGO%20SABANA%20E%20RICHMOND%20311-2%20HOJAS%20VERDE%20(1).png,<paymentLink>
53,Juego Sabana 1.5 Pza  Richmond,JUEGO DE SÁBANA 1 PLAZA Y MEDIA.SÁBANA SUPERIOR: 180x240cm.SÁBANA AJUSTABLE: 120x190+30cm1 FUNDA: 50..,,General,https://nuvex.uy/image/cache/catalog/CATEGORIAS/CAMA/CAMP%204/7730784167875.png,<paymentLink>
63,Juego Sabana 1.5 Pza  Bukara Estampada,JUEGO DE SÁBANA 1 PLAZA Y MEDIA ESTAMPADA. SÁBANA SUPERIOR: 180x240cm. SÁBANA AJUSTABLE: 120x190+30c..,,General,https://nuvex.uy/image/cache/catalog/CATEGORIAS/CAMA/CAMP%204/7730784170493%20-%207730784170523%20-%207730784170561%20(1).png,<paymentLink>
166,Almohada Plateado Covid Fibra,COD OR: 7896630342817                    &nbs..,,General,https://nuvex.uy/image/cache/catalog/CATEGORIAS/CAMA/CAMP%204/7896630342817%20(1).jpg,<paymentLink>
165,Almohadon Bordado Cruces,COD OR: 7896630341155                    &nbs..,,General,https://nuvex.uy/image/cache/catalog/CATEGORIAS/CAMA/CAMP%204/4005121462003-7730784163297.jpg,<paymentLink>
90,Juego Sabana 1 Pza Richmond,JUEGO DE SÁBANA 1 PLAZA. SÁBANA SUPERIOR: 140x225cm.SÁBANA AJUSTABLE: 90x188+20cm.1 FUNDA: 50x7..,,General,https://nuvex.uy/image/cache/catalog/CATEGORIAS/CAMA/CAMP%204/7730784124496%20-%207730784153755%20(1).jpg,<paymentLink>
95,Juego Sabana 1 Pza  Bukara,JUEGO DE SÁBANA 1 PLAZA.SÁBANA SUPERIOR: 140x225cm. SÁBANA AJUSTABLE: 90x188+20cm.1 FUNDA: 50x7..,,General,https://nuvex.uy/image/cache/catalog/CATEGORIAS/CAMA/CAMP%204/7730784174354%207730784174408%207730784174439%20CAMA%20JGO%20SABANA%20E%20BUKARA%20255-1%20ARABESCO%20ROSA%20(1).png,<paymentLink>
98,Almohadon Lino,ALMOHADÓN DE LINO IDEAL PARA DECORAR LA CAMA O EL SOFÁMEDIDA: 43x43cm MATERIAL: POLIESTER..,,General,https://nuvex.uy/image/cache/catalog/CATEGORIAS/CAMA/CAMP%204/4005121437800-7730784133771.jpg,<paymentLink>
97,Almohada Richmond Fibra 600g /alg Blanco,COD OR: 7730784165482                   ..,,General,https://nuvex.uy/image/cache/catalog/CATEGORIAS/CAMA/CAMP%204/7730784165482.jpg,<paymentLink>
104,Almohada 2 Comfortos,COD OR: 7896630342527                   ..,,General,https://nuvex.uy/image/cache/catalog/CATEGORIAS/CAMA/CAMP%204/7896630342527%20(1).jpg,<paymentLink>
30,Jgo Sabana Mic. 1 Pza V Lightyear,COD OR: 7730784138943       JUEGO DE SÁBANA INFANTIL 1 PLAZA. 3 PIEZAS: SÁB..,,General,https://nuvex.uy/image/cache/catalog/CATEGORIAS/CAMA/CAMP%204/7730784138943.jpg,<paymentLink>
164,Almohada Pare Para Fundas,COD OR: 7896630341155                    &nbs..,,General,https://nuvex.uy/image/cache/catalog/CATEGORIAS/CAMA/CAMP%204/7896630341155.jpg,<paymentLink>
140,Almohadon Tejido,ALMOHADÓN TEJIDO IDEAL PARA DECORAR LA CAMA O EL SOFÁMEDIDA: 42x42cmMATERIAL: POLIESTER...,,General,https://nuvex.uy/image/cache/catalog/CATEGORIAS/CAMA/CAMP%204/4005121463800-7730784163242.JPG,<paymentLink>
142,Almohadon Bordado,COD OR: 7730784163235                    ..,,General,https://nuvex.uy/image/cache/catalog/CATEGORIAS/CAMA/CAMP%204/4005121463701-7730784163235.JPG,<paymentLink>
163,Sabana Ajustable Queen Richmond,SÁBANA AJUSTABLE RICHMOND QUEEN SIZEMEDIDAS: 160x200+30cmCOMPOSICIÓN: 100% MICROFIBRAGRAN CALIDAD TO..,,General,https://nuvex.uy/image/cache/catalog/CATEGORIAS/CAMA/CAMP%204/7730784110468%20-%207730784110475%20-%207730784110482.jpg,<paymentLink>
162,Sabana Ajustable King Size Kanguro,SÁBANA AJUSTABLE KANGURO KING SIZEMEDIDAS: 160x220+30cmCOMPOSICIÓN: 100% MICROFIBRAGRAN CALIDAD - TO..,,General,https://nuvex.uy/image/cache/catalog/CATEGORIAS/CAMA/CAMP%204/7730784019570%20-%20CAMA%20SABANA%20AJUSTABLE%20QUEEN%20BUKARA%20MIC%20CREMA.jpg,<paymentLink>
33,Jgo Sabana 3 Pzas  Paw Rosa,COD OR: 7730784116064                   ..,,General,https://nuvex.uy/image/cache/catalog/CATEGORIAS/CAMA/CAMP%204/7730784116064_1.jpg,<paymentLink>
161,Almohadon Waffle,ALMOHADÓN IDEAL PARA DECORAR LA CAMA O EL SOFÁMEDIDA: 42x42cm.MATERIAL: POLIESTER...,,General,https://nuvex.uy/image/cache/catalog/CATEGORIAS/CAMA/CAMP%204/4005121463901-7730784163273.jpg,<paymentLink>
154,Sabana Ajustable 2 Plazas Richmond,"SÁBANA AJUSTABLE RICHMOND 2 PLAZASMEDIDAS: 140x190+30cmCOMPOSICIÓN: 100% MICROFIBRA, GRAN CALIDADTOQ..",,General,https://nuvex.uy/image/cache/catalog/CATEGORIAS/CAMA/CAMP%204/7730784156527%20-%207730784156541.png,<paymentLink>
159,Sabana Ajustable 2 Plazas Kanguro Rosa,COD OR: 7730784019549                   ..,,General,https://nuvex.uy/image/cache/catalog/CATEGORIAS/CAMA/CAMP%204/7730784019549%20-%20CAMA%20SABANA%20AJUSTABLE%202PZA%20BUKARA%20MIC%20ROSA.jpg,<paymentLink>
152,Sabana Ajustable 1 Pza Richmond,"SÁBANA AJUSTABLE RICHMOND 1 PLAZAMEDIDAS: 90x188+20cmCOMPOSICIÓN: 100% MICROFIBRA, GRAN CALIDADTOQUE..",,General,https://nuvex.uy/image/cache/catalog/CATEGORIAS/CAMA/CAMP%204/7730784129675%20-%207730784129729%20-%207730784129774.jpg,<paymentLink>
151,Sabana Ajustable 1 Plaza Kanguro,COD OR: 7730784019464                    &nbs..,,General,https://nuvex.uy/image/cache/catalog/CATEGORIAS/CAMA/CAMP%204/7730784019563.jpg,<paymentLink>
105,Funda Almohada Richmond,"FUNDA PARA ALMOHADAS 100% MICROFIBRATAMAÑO: 50x70cm.GRAN CALIDADTOQUE SUAVE, NO DESTIÑE..",,General,https://nuvex.uy/image/cache/catalog/CATEGORIAS/CAMA/CAMP%204/7730784139001.jpg,<paymentLink>
101,Almohadon Con Forma,COD OR: 7730784096427                    ..,,General,https://nuvex.uy/image/cache/catalog/CATEGORIAS/CAMA/CAMP%204/7730784096427%20(1).jpg,<paymentLink>
37,Plancheta Chapapa,COD OR: -    Ideal para cocinar al aire libre!Plancheta de Hierro. 2 tapas antisalpic..,,General,https://nuvex.uy/image/cache/catalog/CATEGORIAS/HOGAR/BAZAR%20TECNO/2026/CAMP%203/36058%20(1).jpeg,<paymentLink>
40,Olla Pastera 3 Pzas,COD OR: 1582    OLLA PARA PASTA Y VAPOR 3 PIEZASOlla para cocinar pasta y al vapor.Fa..,,General,https://nuvex.uy/image/cache/catalog/CATEGORIAS/HOGAR/BAZAR%20TECNO/2026/CAMP%203/1582%20(1).jpeg,<paymentLink>
9,Set De Cuchillos 6 Pzas Rima,"COD OR: RIMA -   Set de cuchillos Acero Inox. Dorado Rima, compuesto por 6 piezas.Cada cuc..",,General,https://nuvex.uy/image/cache/catalog/CATEGORIAS/HOGAR/BAZAR%20TECNO/2026/CAMP%203/RIMA%20(1).jpeg,<paymentLink>
41,Olla Electrica Multifuncion,"COD OR: E0127 -   Olla Eléctrica Multifuncional Sonifer SF-1503 – 1.2LPráctica, compacta y..",,General,https://nuvex.uy/image/cache/catalog/CATEGORIAS/HOGAR/BAZAR%20TECNO/2026/CAMP%203/E0127%20(4).jpeg,<paymentLink>
283,Canasto Ropa Alg 38*33 Gris,Ideal para darle un toque natural y funcional a tus espacios!   CANASTO IDEAL PARA ROPA - ..,,General,https://nuvex.uy/image/cache/catalog/CATEGORIAS/HOGAR/BAZAR%20ENCATEX/7730784171933-.jpeg,<paymentLink>
13,Set De Menaje Para Cocina 7 Pzas,COD OR: CUO714    Set 7 piezas.Cuerpo de nylon resistente a altas temperaturas.Diseña..,,General,https://nuvex.uy/image/cache/catalog/CATEGORIAS/HOGAR/BAZAR%20TECNO/2026/CAMP%203/CUO714%20(1).jpeg,<paymentLink>
285,Canasto Mimbre Raya - Negro,Ideal para darle un toque natural y funcional a tus espacios!   CANASTO DE MIMBRE CON ASAS..,,General,https://nuvex.uy/image/cache/catalog/CATEGORIAS/HOGAR/BAZAR%20ENCATEX/7730784171919-.jpeg,<paymentLink>
288,Canasto Mimbre Raya Bl,Ideal para darle un toque natural y funcional a tus espacios!   CANASTO DE MIMBRE CON ASAS..,,General,https://nuvex.uy/image/cache/catalog/CATEGORIAS/HOGAR/BAZAR%20ENCATEX/7730784171872-.jpeg,<paymentLink>
286,Canasto Mimbre Raya Man,Ideal para darle un toque natural y funcional a tus espacios!   CANASTO DE MIMBRE CON ASAS..,,General,https://nuvex.uy/image/cache/catalog/CATEGORIAS/HOGAR/BAZAR%20ENCATEX/7730784171889-.jpeg,<paymentLink>
287,Canasto Mimbre Borde - Blanco,Ideal para darle un toque natural y funcional a tus espacios!   CANASTO DE MIMBRE CON ASAS..,,General,https://nuvex.uy/image/cache/catalog/CATEGORIAS/HOGAR/BAZAR%20ENCATEX/7730784171896-.jpeg,<paymentLink>
75,Perchero Y Organizador,COD OR: DR40    Perfecto para mantener tu espacio ordenado y estilizado!- 162x96x44cm..,,General,https://nuvex.uy/image/cache/catalog/CATEGORIAS/HOGAR/BAZAR%20TECNO/2026/CAMP%203/DR40%20(1).jpeg,<paymentLink>
48,Termo 750ml Lumilagro,COD OR: QY199     El Termo Lumilagro de Acero Inoxidable de 750 ml con tapón de botón..,,General,https://nuvex.uy/image/cache/catalog/CATEGORIAS/HOGAR/BAZAR%20TECNO/2026/CAMP%203/QY199%20(1).jpeg,<paymentLink>
74,Guardarropa,COD OR: 2287 -   Perfecto para mantener tu espacio ordenado y estilizado!- 165x87x45cm- Es..,,General,https://nuvex.uy/image/cache/catalog/CATEGORIAS/HOGAR/BAZAR%20TECNO/2026/CAMP%203/2287%20(1).jpeg,<paymentLink>
301,Set Asado Churrasco Pinc/cuch/tabl - Madera,"Indispensable para disfrutar buenos asados!   ""JUEGO PARA ASADO EN ACERO INOXIDABLE Y MADE..",,General,https://nuvex.uy/image/cache/catalog/CATEGORIAS/HOGAR/BAZAR%20ENCATEX/7896211847175-.jpeg,<paymentLink>
289,Canasto Mimbre Rectangular Cubo,Ideal para darle un toque natural y funcional a tus espacios!   CANASTO CON FORMA DE CUBO ..,,General,https://nuvex.uy/image/cache/catalog/CATEGORIAS/HOGAR/BAZAR%20ENCATEX/7730784171858.jpeg,<paymentLink>
115,Mopa Centrifugadora 360°,COD OR: MOPA-CARITA    Ideal para no mojarte las manos!- Palo de acero inoxidable- 2 ..,,General,https://nuvex.uy/image/cache/catalog/CATEGORIAS/HOGAR/BAZAR%20TECNO/2026/CAMP%204/MOPA-CARITA%20(1).jpeg,<paymentLink>
1,Silla Plegable Lona,"COD OR: SYY-001Ideal para camping, playa, jardín o cualquier actividad al aire libre!- Impermeable- ..",,General,https://nuvex.uy/image/cache/catalog/CATEGORIAS/BAZAR%20TECNO/CAMP%203/SYY-001%20(3).jpeg,<paymentLink>
284,Canasto Mimbre C/manijas - Blanco,Ideal para darle un toque natural y funcional a tus espacios!   CANASTO DE MIMBRE CON MANI..,,General,https://nuvex.uy/image/cache/catalog/CATEGORIAS/HOGAR/BAZAR%20ENCATEX/7730784171926-.jpeg,<paymentLink>
82,Picadora De Carne Manual N°8,COD OR: 54261 La moledora de carne N°8 manual es una herramienta esencial para cualquier cocina..,,General,https://nuvex.uy/image/cache/catalog/CATEGORIAS/HOGAR/BAZAR%20TECNO/2026/CAMP%204/54261.jpeg,<paymentLink>
34,Asadera C/rejilla Antiadherente,COD OR: 784    Ideal para usar en reuniones familiares o cenas informales! ..,,General,https://nuvex.uy/image/cache/catalog/CATEGORIAS/HOGAR/BAZAR%20TECNO/2026/CAMP%203/784%20(2).jpeg,<paymentLink>
85,Cortador Mandolina 10 En 1,COD OR: EG1671 -   Cortador Picador Triturador Manual para Verduras y Vegetales.Este práct..,,General,https://nuvex.uy/image/cache/catalog/CATEGORIAS/HOGAR/BAZAR%20TECNO/2026/CAMP%204/EG1671%20(1).jpeg,<paymentLink>
326,Mantel 140*260 Home Class Water Proof,Ideal para diversas ocasiones y estilos de decoración!    MANTEL RECTANGULAR 140x260c..,,General,https://nuvex.uy/image/cache/catalog/CATEGORIAS/HOGAR/BAZAR%20ENCATEX/7730784157708%207730784157739.png,<paymentLink>
282,Canasto Mimbre Beige,Ideal para darle un toque natural y funcional a tus espacios!   CANASTO DE MIMBRE IDEAL PA..,,General,https://nuvex.uy/image/cache/catalog/CATEGORIAS/HOGAR/BAZAR%20ENCATEX/7730784171940-.jpeg,<paymentLink>
278,Basurero Basc Ecoblack 28 Lt - Negro,"Ideal para mantener la higiene, el orden y la gestión de residuos!   BASURERO CON CAPACIDA..",,General,https://nuvex.uy/image/cache/catalog/CATEGORIAS/HOGAR/BAZAR%20ENCATEX/7896042034874.jpg,<paymentLink>
304,Pote De Cubiertos Treviso X 25 Pzas - Negro,Producto indispensable para tu hogar!   JUEGO DE CUBIERTOS EN ACERO INOXIDABLE - VIENE EN ..,,General,https://nuvex.uy/image/cache/catalog/CATEGORIAS/HOGAR/BAZAR%20ENCATEX/7896211838968-.jpeg,<paymentLink>
325,Mantel 140*210 Home Class Water Proof,Ideal para diversas ocasiones y estilos de decoración!    MANTEL RECTANGULAR 140x210c..,,General,https://nuvex.uy/image/cache/catalog/CATEGORIAS/HOGAR/BAZAR%20ENCATEX/7730784157685.png,<paymentLink>
302,Cubiertos Churrasco Asado Jgo 4 Pzas - Madera,"Indispensable para disfrutar buenos asados!   ""SET DE CUBIERTOS EN ACERO INOXIDABLE Y MADE..",,General,https://nuvex.uy/image/cache/catalog/CATEGORIAS/HOGAR/BAZAR%20ENCATEX/7896211876335.jpg,<paymentLink>
54,Set De Jarra + Vasos,COD OR: V1449 -    Ideal para uso diario en el hogar!- Vidrio decorado- 6 vasos de 25..,,General,https://nuvex.uy/image/cache/catalog/CATEGORIAS/HOGAR/BAZAR%20TECNO/2026/CAMP%203/1449.png,<paymentLink>
73,Bandeja Acolchonada Para Laptop,"COD OR: (553066)     Apoya tu laptop, tablet o libros sobre tus piernas!- 35x24x5cm- ..",,General,https://nuvex.uy/image/cache/catalog/CATEGORIAS/HOGAR/BAZAR%20TECNO/2026/CAMP%203/553066%20(1).jpeg,<paymentLink>
209,Molinillo De Pimienta 2 En 1,COD OR: ZX-S22    MOLINILLO 2 EN 1 PARA SAL Y PIMIENTA Este molino de cocina combina ..,,General,https://nuvex.uy/image/cache/catalog/CATEGORIAS/HOGAR/BAZAR%20TECNO/2026/CAMP%204/DAN-DN53244%20(4).jpeg,<paymentLink>
324,Mantel 160 O Home Class Water Proof,Ideal para diversas ocasiones y estilos de decoración!    MANTEL REDONDO 160cm DE DIA..,,General,https://nuvex.uy/image/cache/catalog/CATEGORIAS/HOGAR/BAZAR%20ENCATEX/7730784168094.jpg,<paymentLink>
383,COPA 2 EN 1 DESMONTABLE,"COD OR: MY-8520    Copa 2 en 1 fabricada en acero inoxidable, diseñada para brindar v..",,General,https://nuvex.uy/image/cache/catalog/CATEGORIAS/HOGAR/BAZAR%20TECNO/2026/CAMP%205/DUL-MY-8520%20(2).jpeg,<paymentLink>
25,Set X 3 Torteras Desmontables,COD OR: -    Cocción uniforme y fácil desmoldeo!- TeflónPráctico juego de moldes redo..,,General,https://nuvex.uy/image/cache/catalog/CATEGORIAS/HOGAR/BAZAR%20TECNO/2026/CAMP%203/1379%20(2).jpeg,<paymentLink>
91,Rallador Multifuncion Manual,COD OR: S-959     Ideal para agilizar la preparación de tus comidas!- 3 cuchillas int..,,General,https://nuvex.uy/image/cache/catalog/CATEGORIAS/HOGAR/BAZAR%20TECNO/2026/CAMP%204/S-959.jpeg,<paymentLink>
72,Escritorio Plegable Para Laptop,COD OR: LT3     Ideal para trabajar o desayunar en la cama!- Posa tablet y vaso- Pata..,,General,https://nuvex.uy/image/cache/catalog/CATEGORIAS/HOGAR/BAZAR%20TECNO/2026/CAMP%203/LT3%20(1).jpeg,<paymentLink>
291,Canasto Mimbre Rectangular,Ideal para darle un toque natural y funcional a tus espacios!   CANASTO RECTANGULAR DE MIM..,,General,https://nuvex.uy/image/cache/catalog/CATEGORIAS/HOGAR/BAZAR%20ENCATEX/7730784150136.jpeg,<paymentLink>
292,Canasto Mimbre Rect,Ideal para darle un toque natural y funcional a tus espacios!   CANASTO RECTANGULAR DE MIM..,,General,https://nuvex.uy/image/cache/catalog/CATEGORIAS/HOGAR/BAZAR%20ENCATEX/7730784150167.jpeg,<paymentLink>
23,Asadera Rectangular 2200ml Marinex,COD OR: 6534MARINEX    CARACTERISTICAS:*MODELO: ASADERA RECTANGULAR COD#6534*MATERIAL..,,General,https://nuvex.uy/image/cache/catalog/CATEGORIAS/HOGAR/BAZAR%20TECNO/2026/CAMP%203/6534MARINEX%20(2).jpeg,<paymentLink>
38,Juego Asado 3 Pzas Parrilla,"COD OR: -    Set De Asado Parrilla Juego Asador Parrillero X 3 PiezasSet para asado, ..",,General,https://nuvex.uy/image/cache/catalog/CATEGORIAS/HOGAR/BAZAR%20TECNO/2026/CAMP%203/10704.jpeg,<paymentLink>
47,Mate 220ml Con Tapa Lumilagro,COD OR: (-)     Apto para bebidas frías y calientes!Capacidad: 220ml. Doble Pared de ..,,General,https://nuvex.uy/image/cache/catalog/CATEGORIAS/HOGAR/BAZAR%20TECNO/2026/CAMP%203/QY200%20(3).jpeg,<paymentLink>
52,Juego De Jarra Y Vasos,COD OR: FE-AB61 -   Jarra De Vidrio De 1.3l Con Tapa Y 4 Vasos LargosClásico set de Jarra ..,,General,https://nuvex.uy/image/cache/catalog/CATEGORIAS/HOGAR/BAZAR%20TECNO/2026/CAMP%203/61%20(2).jpeg,<paymentLink>
293,Canasto Mimbre Rect,Ideal para darle un toque natural y funcional a tus espacios!   CANASTO RECTANGULAR DE MIM..,,General,https://nuvex.uy/image/cache/catalog/CATEGORIAS/HOGAR/BAZAR%20ENCATEX/7730784150150.jpeg,<paymentLink>
35,Provolonera 19 Reparticiones,"COD OR: B0742 -    Apta para horno, parilla y microondas!Cerámica.Medidas: 25,5 x 22 ..",,General,https://nuvex.uy/image/cache/catalog/CATEGORIAS/HOGAR/BAZAR%20TECNO/2026/CAMP%203/B0742%20(6).jpeg,<paymentLink>
28,Asadera Rectangular Honda,"COD OR: CB003256M -   Asadera rectangular Corrina 37,5 x 25,3 cm honda – Antiadherente Pre..",,General,https://nuvex.uy/image/cache/catalog/CATEGORIAS/HOGAR/BAZAR%20TECNO/2026/CAMP%203/003256%20(2).jpeg,<paymentLink>
290,Canasto Mimbre Rectangular,Ideal para darle un toque natural y funcional a tus espacios!   CANASTO DE MIMBRE IDEAL PA..,,General,https://nuvex.uy/image/cache/catalog/CATEGORIAS/HOGAR/BAZAR%20ENCATEX/7730784171865.jpeg,<paymentLink>
22,Asadera Oval 1600ml Marinex,COD OR: 6343MARINEXCARACTERISTICAS:*MODELO: ASADERA OVAL COD#6343*MATERIAL: VIDRIO TEMPLADO*APTO PAR..,,General,https://nuvex.uy/image/cache/catalog/CATEGORIAS/HOGAR/BAZAR%20TECNO/2026/CAMP%203/6343MARINEX%20(1).jpeg,<paymentLink>
341,Clic Tapa Rosca X 3,"Ideal para almacenar distintas cantidades de alimento!        ""SET X3 RECIP..",,General,https://nuvex.uy/image/cache/catalog/CATEGORIAS/HOGAR/BAZAR%20ENCATEX/CAMP%204/7899808876411%20(1).jpg,<paymentLink>
300,Churrasco Set Pincho/cuch - Madera,Indispensable para disfrutar buenos asados!   JUEGO PARA ASADO EN ACERO INOXIDABLE Y MADER..,,General,https://nuvex.uy/image/cache/catalog/CATEGORIAS/HOGAR/BAZAR%20ENCATEX/7896211847168%20(1).jpg,<paymentLink>
76,Mini Organizador De Zapatos,COD OR: 57304     Mantén tus zapatos siempre organizados y al alcance!Diseño compacto..,,General,https://nuvex.uy/image/cache/catalog/CATEGORIAS/HOGAR/BAZAR%20TECNO/2026/CAMP%203/57304%20(5).jpeg,<paymentLink>
281,Canasto Mimbre Red Raya Blanco,Ideal para darle un toque natural y funcional a tus espacios!   CANASTO DE MIMBRE IDEAL PA..,,General,https://nuvex.uy/image/cache/catalog/CATEGORIAS/HOGAR/BAZAR%20ENCATEX/7730784171957-.jpeg,<paymentLink>
320,Set X 4 Individual Bamboo,Ideal para decorar la mesa y protegerla!     SET X4 INDIVIDUALES - IDEAL PARA DECORAR..,,General,https://nuvex.uy/image/cache/catalog/CATEGORIAS/HOGAR/BAZAR%20ENCATEX/7730784142544.jpg,<paymentLink>
145,Kit Elevador De Muebles Y Electrodomesticos,COD OR: 59442 -    Kit Elevador de Muebles Transportador Con Ruedas y PalancaTransfor..,,General,https://nuvex.uy/image/cache/catalog/CATEGORIAS/HOGAR/BAZAR%20TECNO/2026/CAMP%204/59442%20(1).jpeg,<paymentLink>
27,Budinera Redonda Con Tubo,COD OR: CB00349 -    Budinera Redonda con Tubo Corrina Housewares 24x21x4 cmPrepará b..,,General,https://nuvex.uy/image/cache/catalog/CATEGORIAS/HOGAR/BAZAR%20TECNO/2026/CAMP%203/00349.jpeg,<paymentLink>
39,Set X 5 Bowls C/tapa,"COD OR: 36,069 -   Indispensable set para tu hogar!Bowls de acero inoxidable Con tapas de ..",,General,https://nuvex.uy/image/cache/catalog/CATEGORIAS/HOGAR/BAZAR%20TECNO/2026/CAMP%203/36069%20(3).jpeg,<paymentLink>
327,Sendero Home Class 40*150 Water Proof,Ideal para decorar y proteger la mesa!    SENDERO WATER PROOF CON DISEÑO DOBLE FAZ - ..,,General,https://nuvex.uy/image/cache/catalog/CATEGORIAS/HOGAR/BAZAR%20ENCATEX/7730784157852%20(1).jpg,<paymentLink>
276,Basurero Classic 4.5 Lt Ranura,"Ideal para mantener la higiene, el orden y la gestión de residuos! - Polipropileno - Capacidad de 4...",,General,https://nuvex.uy/image/cache/catalog/CATEGORIAS/HOGAR/BAZAR%20ENCATEX/7899808877395.jpg,<paymentLink>
117,Mopa Trapeador Multiuso Plegable,COD OR: 2417 -   Todos los rincones de tu hogar limpios!- Diseño ergonómico- Rotación múlt..,,General,https://nuvex.uy/image/cache/catalog/CATEGORIAS/HOGAR/BAZAR%20TECNO/2026/CAMP%204/2417%20(1).jpeg,<paymentLink>
24,Molde Para Souffle 1400ml Marinex,COD OR: 6386MARINEX   CARACTERISTICAS:*MODELO: COD#6386*MATERIAL: VIDRIO TEMPLADO*APTO PAR..,,General,https://nuvex.uy/image/cache/catalog/CATEGORIAS/HOGAR/BAZAR%20TECNO/2026/CAMP%203/6386MARINEX%20(2).jpeg,<paymentLink>
368,JUEGO X5 RECIPIENTES REDONDO MULTICOLOR,Ideal para almacenar diferentes alimentos!!      JUEGO DE RECIPENTES CONNECT 5 U..,,General,https://nuvex.uy/image/cache/catalog/CATEGORIAS/HOGAR/BAZAR%20ENCATEX/CAMP%205/7896042061740%20(1).jpg,<paymentLink>
367,JUEGO X5 RECIPIENTES RECT MULTICOLOR,Ideal para almacenar diferentes alimentos!!      JUEGO DE RECIPENTES CONNECT 5 U..,,General,https://nuvex.uy/image/cache/catalog/CATEGORIAS/HOGAR/BAZAR%20ENCATEX/CAMP%205/7896042061757%20(1).jpg,<paymentLink>
369,JUEGO RECIP. RED 5UN PASTEL - MULTICOLOR/PASTEL,Ideal para almacenar diferentes alimentos!!      JUEGO DE RECIPENTES CONNECT 5 U..,,General,https://nuvex.uy/image/cache/catalog/CATEGORIAS/HOGAR/BAZAR%20ENCATEX/CAMP%205/7896042082455%20(2).jpg,<paymentLink>
370,JUEGO RECIP. RECT 5UN PASTEL - MULTICOLOR/PASTEL,Ideal para almacenar diferentes alimentos!!      JUEGO DE RECIPENTES CONNECT 5 U..,,General,https://nuvex.uy/image/cache/catalog/CATEGORIAS/HOGAR/BAZAR%20ENCATEX/CAMP%205/7896042082448%20(4).jpg,<paymentLink>
347,Juego De Recipientes X5un,Ideal para almacenar distintas cantidades de alimento!        JUEGO DE RECI..,,General,https://nuvex.uy/image/cache/catalog/CATEGORIAS/HOGAR/BAZAR%20ENCATEX/CAMP%204/7899808885895_2.jpg,<paymentLink>
42,Caldera 3 Lts,COD OR: CALDERA3LKETTLE -   Ideal para calentar agua o preparar infusiones con comodidad y..,,General,https://nuvex.uy/image/cache/catalog/CATEGORIAS/HOGAR/BAZAR%20TECNO/2026/CAMP%203/CALDERA3LKETTLE%20(1).jpeg,<paymentLink>
351,Pote Plastico Red X 3 Dec,"Ideal para almacenar diferentes alimentos!       ""SET X3 RECIPIENTES CON TAPA RO..",,General,https://nuvex.uy/image/cache/catalog/CATEGORIAS/HOGAR/BAZAR%20ENCATEX/CAMP%204/7896042037073-.jpeg,<paymentLink>
49,Botella Multicolor 1000ml,COD OR: BOTELLADEPORTIVAMULT -      Ideal para beber la cantidad necesaria de ag..,,General,https://nuvex.uy/image/cache/catalog/CATEGORIAS/HOGAR/BAZAR%20TECNO/2026/CAMP%203/BOTELLADEPORTIVAMULT%20(2).jpeg,<paymentLink>
68,Canasto Organizador Con Asas,COD OR: (566478)     Versátil y funcional para prácticamente cualquier hogar!- Sin el..,,General,https://nuvex.uy/image/cache/catalog/CATEGORIAS/HOGAR/BAZAR%20TECNO/2026/CAMP%203/566478%20(2).jpeg,<paymentLink>
331,Vidrio Set X 2 Jarras Cerveza Recta Est Vintage,Ideal para cualquier amante de la cerveza!     SET X2 JARRAS DE CERVEZA DE..,,General,https://nuvex.uy/image/cache/catalog/CATEGORIAS/HOGAR/BAZAR%20ENCATEX/7730784088590%20(1).jpg,<paymentLink>
361,Recipiente Traba Mas Rect 2.6lt - Gris,Ideal para almacenar diferentes alimentos!       RECIPIENTE RECTANGULAR CON TAPA..,,General,https://nuvex.uy/image/cache/catalog/CATEGORIAS/HOGAR/BAZAR%20ENCATEX/CAMP%204/7899808874950.jpg,<paymentLink>
334,Jarra Agua 2lt Elegance,Ideal para el hogar y esas tardes calurosas!     JARRA PLASTICA DE EXCELENTE CALIDAD ..,,General,https://nuvex.uy/image/cache/catalog/CATEGORIAS/HOGAR/BAZAR%20ENCATEX/7899808830178%20(1).jpg,<paymentLink>
277,Basurero Basc 7.2 Lt Menta,"Ideal para mantener la higiene, el orden y la gestión de residuos!   BASURERO CON CAPACIDA..",,General,https://nuvex.uy/image/cache/catalog/CATEGORIAS/HOGAR/BAZAR%20ENCATEX/7896042077703.jpg,<paymentLink>
21,Bandeja Damero Simil Madera 24 X 36,COD OR: 641N   Ideal para servir alimentos!- Rectangular- Plástico- 24x36cm..,,General,https://nuvex.uy/image/cache/catalog/CATEGORIAS/HOGAR/BAZAR%20TECNO/2026/CAMP%203/640%20(2).jpeg,<paymentLink>
81,Prensa Para Vegetales,COD OR: 10060   Convierte fácilmente las patatas en un puré suave con esta prensa de patat..,,General,https://nuvex.uy/image/cache/catalog/CATEGORIAS/HOGAR/BAZAR%20TECNO/2026/CAMP%204/10060%20(2).jpeg,<paymentLink>
58,Escurridor De Vasos,"COD OR: ATH01111 -    Ideal para el uso diario!- 17,5x18x5x13cm- Fácil de limpiar- Re..",,General,https://nuvex.uy/image/cache/catalog/CATEGORIAS/HOGAR/BAZAR%20TECNO/2026/CAMP%203/01111%20(1).jpeg,<paymentLink>
323,Delantal C/peto Algodon Est Mj088,Ideal para mantener tu ropa intacta al cocinar!    DELANTAL WATER PROOF - REPELE LIQU..,,General,https://nuvex.uy/image/cache/catalog/CATEGORIAS/HOGAR/BAZAR%20ENCATEX/7730784105686_1.jpg,<paymentLink>
279,Basurero Basc 4.9 Lt,"Ideal para mantener la higiene, el orden y la gestión de residuos!   BASURERO CON CAPACIDA..",,General,https://nuvex.uy/image/cache/catalog/CATEGORIAS/HOGAR/BAZAR%20ENCATEX/7896042037325.jpg,<paymentLink>
360,Traba Mas Recip. Rect 1.9 Lt,Ideal para almacenar diferentes alimentos!       RECIPIENTE RECTANGULAR CON TAPA..,,General,https://nuvex.uy/image/cache/catalog/CATEGORIAS/HOGAR/BAZAR%20ENCATEX/CAMP%204/7899808887646.jpg,<paymentLink>
372,RECIPIENTE FLIP 1.9 LT,"Ideal para conservar diferentes alimentos!      ""RECIPIENTE HERMETICO DE PLASTIC..",,General,https://nuvex.uy/image/cache/catalog/CATEGORIAS/HOGAR/BAZAR%20ENCATEX/CAMP%205/7899808880357-.jpg,<paymentLink>
83,Set X6 Hueveras De Silicona,COD OR: 50610 -   Cocina deliciosos platillos con este Molde de Silicona para Hervir Huevo..,,General,https://nuvex.uy/image/cache/catalog/CATEGORIAS/HOGAR/BAZAR%20TECNO/2026/CAMP%204/50610%20(5).jpeg,<paymentLink>
36,Parrilla Para Pescado,COD OR: 231 -    Pinza para colocar el pescado y/o achuras y cocinarlos en la parrill..,,General,https://nuvex.uy/image/cache/catalog/CATEGORIAS/HOGAR/BAZAR%20TECNO/2026/CAMP%203/231%20(1).jpeg,<paymentLink>
84,Cortador Manual De Vegetales,COD OR: 9260 -  Herramienta versátil para cualquier cocina!- Base antideslizante- Acero in..,,General,https://nuvex.uy/image/cache/catalog/CATEGORIAS/HOGAR/BAZAR%20TECNO/2026/CAMP%204/9260%20(1).jpeg,<paymentLink>
20,Bandeja Damero Simil Madera 20 X 30,COD OR: 640N    Ideal para servir alimentos!- Rectangular- Plástico- 20x30cm..,,General,https://nuvex.uy/image/cache/catalog/CATEGORIAS/HOGAR/BAZAR%20TECNO/2026/CAMP%203/640%20(2).jpeg,<paymentLink>
15,Abrelatas,"COD OR: E4290    Utensilio indispensable para el hogar!- Excelente calidad- 16,5x5cm-..",,General,https://nuvex.uy/image/cache/catalog/CATEGORIAS/HOGAR/BAZAR%20TECNO/2026/CAMP%203/4290%20(2).jpeg,<paymentLink>
11,Set X 3 Utensilios De Silicona,"COD OR: 6514501   Ideal para diversas tareas en la cocina!- Batidor, Espátula y Pincel- Ma..",,General,https://nuvex.uy/image/cache/catalog/CATEGORIAS/HOGAR/BAZAR%20TECNO/2026/CAMP%203/6514501%20(2).jpeg,<paymentLink>
298,Juego Porta Detergente,"Ideal para tu cocina o lavadero!   CONJUNTO PORTA DETERGENTE PARA COLOCAR ESPONJA, JABON L..",,General,https://nuvex.uy/image/cache/catalog/CATEGORIAS/HOGAR/BAZAR%20ENCATEX/7899808887974.jpg,<paymentLink>
80,Cono Soporte Para Papas Fritas,COD OR: B2760    10X15CMDuradero de usar: este soporte para papas fritas está hecho d..,,General,https://nuvex.uy/image/cache/catalog/CATEGORIAS/HOGAR/BAZAR%20TECNO/2026/CAMP%204/2760%20(2).jpeg,<paymentLink>
373,RECIPIENTE FLIP 1.1 LT,"Ideal para conservar diferentes alimentos!      ""RECIPIENTE HERMETICO DE PLASTIC..",,General,https://nuvex.uy/image/cache/catalog/CATEGORIAS/HOGAR/BAZAR%20ENCATEX/CAMP%205/7899808880371.jpg,<paymentLink>
139,Protector De Puerta Ajustable,COD OR: VD80P -    Aislamiento durante todo el año: mantente caliente durante los mes..,,General,https://nuvex.uy/image/cache/catalog/CATEGORIAS/HOGAR/BAZAR%20TECNO/2026/CAMP%204/80%20(1).jpeg,<paymentLink>
299,Porta Cubiertos,"Ideal para tus utensilios!   PORTA CUBIERTOS DE PLASTICO CON 4 REPARTICIONES, EN LA BASE T..",,General,https://nuvex.uy/image/cache/catalog/CATEGORIAS/HOGAR/BAZAR%20ENCATEX/7899808862889-.jpeg,<paymentLink>
78,Palote 42cm Movil Madera,COD OR: 60147     Largo del mango: 42 cm.Largo total: 24 cm.Diámetro: 5 cm.Diseño de ..,,General,https://nuvex.uy/image/cache/catalog/CATEGORIAS/HOGAR/BAZAR%20TECNO/2026/CAMP%203/60147%20(3).jpeg,<paymentLink>
312,Mantel Bukara 140*210 Peva,Ideal para diversas ocasiones y estilos de decoración!    MANTEL RECTANGULAR 140x210c..,,General,https://nuvex.uy/image/cache/catalog/CATEGORIAS/HOGAR/BAZAR%20ENCATEX/7730784168636-.jpeg,<paymentLink>
333,Jarra New York 1.8,Ideal para el hogar y esas tardes calurosas!     JARRA CAPACIDAD: 1.8Lt - CON VALVULA..,,General,https://nuvex.uy/image/cache/catalog/CATEGORIAS/HOGAR/BAZAR%20ENCATEX/7899808895795.jpg,<paymentLink>
321,Delantal C/peto Home Class Water Proof,Ideal para mantener tu ropa intacta al cocinar!    DELANTAL WATER PROOF - REPELE LIQU..,,General,https://nuvex.uy/image/cache/catalog/CATEGORIAS/HOGAR/BAZAR%20ENCATEX/7730784168261.jpg,<paymentLink>
349,Connect Juego Medidor 9un - Multicolor/pastel,Ideal para comidas elaboradas!        RECIPIENTES MEDIDORES PARA COMIDAS EL..,,General,https://nuvex.uy/image/cache/catalog/CATEGORIAS/HOGAR/BAZAR%20ENCATEX/CAMP%204/7899808890608%20(1).jpg,<paymentLink>
348,Connect Juego Medidor 9un - Multicolor,Ideal para comidas elaboradas!        RECIPIENTES MEDIDORES PARA COMIDAS EL..,,General,https://nuvex.uy/image/cache/catalog/CATEGORIAS/HOGAR/BAZAR%20ENCATEX/CAMP%204/7899808896082%20(1).jpg,<paymentLink>
61,Bowl 24cm Con Escurridor,COD OR: 4866217BOWL CON COLADOR GIRATORIOMaterial: Plástico alto impacto* Práctico sistema de C..,,General,https://nuvex.uy/image/cache/catalog/CATEGORIAS/HOGAR/BAZAR%20TECNO/2026/CAMP%203/4866217%20(3).jpeg,<paymentLink>
328,Agarradera Home Class Water Proof - Gris,Olvidate de las quemaduras al cocinar!    AGARRADERA WATER PROOF MEDIDAS: 20x20cm. CO..,,General,https://nuvex.uy/image/cache/catalog/CATEGORIAS/HOGAR/BAZAR%20ENCATEX/7730784159320%20(1).png,<paymentLink>
141,Tope Traba Puerta,COD OR: (-) -     Ideal para decorar esos espacios del hogar con un toque especial!Di..,,General,https://nuvex.uy/image/cache/catalog/CATEGORIAS/HOGAR/BAZAR%20TECNO/2026/CAMP%204/1718%20(3).jpeg,<paymentLink>
26,Set De 4 Moldes Para Tortas Postres,COD OR: B2825 -    Este Molde Para Postres Anillos Para Hornear Mini Pastel es perfec..,,General,https://nuvex.uy/image/cache/catalog/CATEGORIAS/HOGAR/BAZAR%20TECNO/2026/CAMP%203/2825%20(1).jpeg,<paymentLink>
345,Recip. Cuadr X 3 Connect - Surtidos,Ideal para almacenar distintas cantidades de alimento!        KIT RECIPIENT..,,General,https://nuvex.uy/image/cache/catalog/CATEGORIAS/HOGAR/BAZAR%20ENCATEX/CAMP%204/7896042061733%20(1).jpg,<paymentLink>
346,Recip. Cuadr X 3 Connect - Multicolor/pastel,Ideal para almacenar distintas cantidades de alimento!        KIT RECIPIENT..,,General,https://nuvex.uy/image/cache/catalog/CATEGORIAS/HOGAR/BAZAR%20ENCATEX/CAMP%204/7896042081687%20(1).jpg,<paymentLink>
130,Organizador De Escritorio,COD OR: 6133601 -    Organizador de escritorioOrganizador con 4 divisiones para organ..,,General,https://nuvex.uy/image/cache/catalog/CATEGORIAS/HOGAR/BAZAR%20TECNO/2026/CAMP%204/6133601.jpeg,<paymentLink>
311,Mantel Bukara 160 O Peva,Ideal para diversas ocasiones y estilos de decoración!    MANTEL REDONDO 160cm DIAMET..,,General,https://nuvex.uy/image/cache/catalog/CATEGORIAS/HOGAR/BAZAR%20ENCATEX/7730784168742-.jpeg,<paymentLink>
19,Rompe Nueces,COD OR: E4289      PINZA CASCANUECES DE LUJO CON MANGO DE SILICON ANTIDESLIZANTE..,,General,https://nuvex.uy/image/cache/catalog/CATEGORIAS/HOGAR/BAZAR%20TECNO/2026/CAMP%203/4289%20(1).jpeg,<paymentLink>
355,Recipiente Traba Mas Redo C/r 550ml,Ideal para almacenar diferentes alimentos!       RECIPIENTE REDONDO CON REJILLA ..,,General,https://nuvex.uy/image/cache/catalog/CATEGORIAS/HOGAR/BAZAR%20ENCATEX/CAMP%204/7899808838884.jpg,<paymentLink>
356,Recipiente Traba Mas Rectangular C/r 1.2 Lt,Ideal para almacenar diferentes alimentos!       RECIPIENTE DE PLÁSTICO RECTANGU..,,General,https://nuvex.uy/image/cache/catalog/CATEGORIAS/HOGAR/BAZAR%20ENCATEX/CAMP%204/7899808870143.jpg,<paymentLink>
339,Recipiente Cuadrado 2.85 Lt,Ideal para almacenar diferentes alimentos!       RECIPIENTE CUADRADO IDEAL PARA ..,,General,https://nuvex.uy/image/cache/catalog/CATEGORIAS/HOGAR/BAZAR%20ENCATEX/CAMP%204/7899808859131.jpg,<paymentLink>
353,Plug Recip. Cuadrado 2 Lt,Ideal para almacenar diferentes alimentos!       RECIPIENTE CUADRADO TAPA ROSCA ..,,General,https://nuvex.uy/image/cache/catalog/CATEGORIAS/HOGAR/BAZAR%20ENCATEX/CAMP%204/7899808895863.jpg,<paymentLink>
371,OMELETERA PARA MICROONDAS - BLANCO,"Práctico, rápido y fácil de usar!      SE PUEDE UTILIZAR SOLO LA PARTE DE OMELET..",,General,https://nuvex.uy/image/cache/catalog/CATEGORIAS/HOGAR/BAZAR%20ENCATEX/CAMP%205/7896042007496.jpg,<paymentLink>
29,Fuente Asadera Rectangular,COD OR: 13156      Ideal para horno!Asadera / Fuente de acero inoxidable rectang..,,General,https://nuvex.uy/image/cache/catalog/CATEGORIAS/HOGAR/BAZAR%20TECNO/2026/CAMP%203/13156.jpeg,<paymentLink>
16,Destapador Premium De Cerveza,"COD OR: E3388     Mango grande, fácil de usar. La longitud de este mango aumenta el a..",,General,https://nuvex.uy/image/cache/catalog/CATEGORIAS/HOGAR/BAZAR%20TECNO/2026/CAMP%203/3388%20(4).jpeg,<paymentLink>
18,Cuchara Metalica Helado,"COD OR: E3389     Práctica Cuchara bochera para helados, muffins y cookies. Esta hech..",,General,https://nuvex.uy/image/cache/catalog/CATEGORIAS/HOGAR/BAZAR%20TECNO/2026/CAMP%203/3389%20(1).jpeg,<paymentLink>
17,Abridor Multifuncion De Botellas 6 En 1,"COD OR: (55,005)      Multifunción: este abrelatas multifunción cuenta con un pe..",,General,https://nuvex.uy/image/cache/catalog/CATEGORIAS/HOGAR/BAZAR%20TECNO/2026/CAMP%203/55005%20(2).jpeg,<paymentLink>
359,Traba Mas Recip. Rect 875 Ml,Ideal para almacenar diferentes alimentos!       RECIPIENTE CON TRABA IDEAL PARA..,,General,https://nuvex.uy/image/cache/catalog/CATEGORIAS/HOGAR/BAZAR%20ENCATEX/CAMP%204/7899808887714.jpg,<paymentLink>
362,Recipiente Traba Mas Cuadrado 1.2lt - Gris,Ideal para almacenar diferentes alimentos!       RECIPIENTE DE PLÁSTICO ALTO CON..,,General,https://nuvex.uy/image/cache/catalog/CATEGORIAS/HOGAR/BAZAR%20ENCATEX/CAMP%204/7899808887943.jpg,<paymentLink>
338,Recipiente Tapa Rosca 1.4 Lt,"Ideal para almacenar diferentes alimentos!       RECIPIENTE CON TAPA ROSCA, IDEA..",,General,https://nuvex.uy/image/cache/catalog/CATEGORIAS/HOGAR/BAZAR%20ENCATEX/CAMP%204/7899808888063.jpg,<paymentLink>
203,Recipiente Pop Rectangular 2.7 Lt,"RECIPIENTE RECTANGULARCAPACIDAD: 2,7LtMedidas: 30cm DE LARGO x 8cm DE ALTURA x 20cm DE ANCHOLIBRE DE..",,General,https://nuvex.uy/image/cache/catalog/CATEGORIAS/HOGAR/BAZAR%20ENCATEX/7896042057750.jpg,<paymentLink>
332,Pote Redondo 1.1l,Ideal para guardar alimentos!     RECIPIENTE REDONDO IDEAL PARA GUARDAR ALIMENTO..,,General,https://nuvex.uy/image/cache/catalog/CATEGORIAS/HOGAR/BAZAR%20ENCATEX/7899808831489%20(1).jpg,<paymentLink>
77,Palote 23cm Silicona,"COD OR: 6514601     Se puede usar para pasta, masa para galletas, pastelería, panader..",,General,https://nuvex.uy/image/cache/catalog/CATEGORIAS/HOGAR/BAZAR%20TECNO/2026/CAMP%203/6514601%20(2).jpeg,<paymentLink>
119,Organizador De BaÑo Esquinero 2 Estantes Blanco,COD OR: LAS00750 -  El soporte plástico para champú Plasnew de 38 cm - Plasnew es perfecto..,,General,https://nuvex.uy/image/cache/catalog/CATEGORIAS/HOGAR/BAZAR%20TECNO/2026/CAMP%204/LAS00750%20(3).jpeg,<paymentLink>
14,Macerador Para Cocktail,"COD OR: 4876     Presentamos el macerador de acero inoxidable para bebidas y cocina, ..",,General,https://nuvex.uy/image/cache/catalog/CATEGORIAS/HOGAR/BAZAR%20TECNO/2026/CAMP%203/4876%20(3).jpeg,<paymentLink>
50,Dispensador Sifon Para Botellon,"COD OR: (-) -    Adopta material PP, saludable y seguro de usarTiene mano de obra fin..",,General,https://nuvex.uy/image/cache/catalog/CATEGORIAS/HOGAR/BAZAR%20TECNO/2026/CAMP%203/3825%20(1).jpeg,<paymentLink>
31,Bandeja Pizzera Redonda,COD OR: -      Ideal para pizzas al horno!Bandeja pizzera redonda de 30cm de diá..,,General,https://nuvex.uy/image/cache/catalog/CATEGORIAS/HOGAR/BAZAR%20TECNO/2026/CAMP%203/13157%20(5).jpeg,<paymentLink>
340,Recipiente Rectangular 3 Lt,Ideal para almacenar diferentes alimentos!       RECIPIENTE RECTANGULAR IDEAL PA..,,General,https://nuvex.uy/image/cache/catalog/CATEGORIAS/HOGAR/BAZAR%20ENCATEX/CAMP%204/7899808859254.jpg,<paymentLink>
374,RECIPIENTE 700 ML,Ideal para conservar diferentes alimentos!      RECIPIENTE HERMETICO DE PLASTICO..,,General,https://nuvex.uy/image/cache/catalog/CATEGORIAS/HOGAR/BAZAR%20ENCATEX/CAMP%205/7899808880456.jpg,<paymentLink>
350,Pote Plastico 3 Div 1 Lt Marip/flor Bo,Ideal para guardar alimentos!        RECIPIENTE RECTANGULAR CON 3 DIVISIONE..,,General,https://nuvex.uy/image/cache/catalog/CATEGORIAS/HOGAR/BAZAR%20ENCATEX/CAMP%204/7896042067407-.jpeg,<paymentLink>
352,Plug Recip. Cuadrado 1.28 Lt,"Ideal para almacenar diferentes alimentos!       ""RECIPIENTE CUADRADO, TAPA ROSC..",,General,https://nuvex.uy/image/cache/catalog/CATEGORIAS/HOGAR/BAZAR%20ENCATEX/CAMP%204/7899808896471.jpg,<paymentLink>
118,Organizador De BaÑo Esquinero 2 Estantes,COD OR: PL96 -   Organizador esquinero para ducha baño de plástico. Ideal para maximizar e..,,General,https://nuvex.uy/image/cache/catalog/CATEGORIAS/HOGAR/BAZAR%20TECNO/2026/CAMP%204/PL96%20(3).jpeg,<paymentLink>
157,New York Botella 1. Lt,JARRA CAPACIDAD: 1Lt. CON VALVULA EXCLUSIVA ABRE Y CIERRABPA FREE - TEMPERATURA MAXIMA 50º...,,General,https://nuvex.uy/image/cache/catalog/CATEGORIAS/HOGAR/BAZAR%20TECNO/2026/CAMP%204/7896042087368.jpg,<paymentLink>
322,Delantal C/peto Home Class Water Proof - Gris,Ideal para mantener tu ropa intacta al cocinar!    DELANTAL WATER PROOF - REPELE LIQU..,,General,https://nuvex.uy/image/cache/catalog/CATEGORIAS/HOGAR/BAZAR%20ENCATEX/7730784159337.png,<paymentLink>
199,Taza 360 Ml Puzzle,TAZA PUZZLE CON CAPACIDAD DE 360ml MATERIAL: POLIPROPILENO VIENE CON 3 ANILLOS DESMONTABLES QUE SE P..,,General,https://nuvex.uy/image/cache/catalog/CATEGORIAS/HOGAR/BAZAR%20ENCATEX/7899808861028_2.jpg,<paymentLink>
313,Manopla Home Class Wp,Olvidate de las quemaduras al cocinar!       MANOPLA WATER PROOF MEDIDAS: 1..,,General,https://nuvex.uy/image/cache/catalog/CATEGORIAS/HOGAR/BAZAR%20ENCATEX/7730784168162.jpg,<paymentLink>
280,Basurero Flip 2 Lt Blanco,"Ideal para mantener la higiene, el orden y la gestión de residuos!   BASURERO CON CAPACIDA..",,General,https://nuvex.uy/image/cache/catalog/CATEGORIAS/HOGAR/BAZAR%20ENCATEX/7896042023892.jpg,<paymentLink>
2,Protector Para Celulares Resistente Al Agua,"COD OR: XT526   Ideal para llevar a la playa!- Sin elección de color- 17x10,5cm- Táct..",,General,https://nuvex.uy/image/cache/catalog/CATEGORIAS/HOGAR/BAZAR%20TECNO/2026/CAMP%203/XT526%20(6).jpeg,<paymentLink>
45,Bombilla Perita Plana Angosta,COD OR: 120GRA -   Infaltable para un buen mate!Bombilla de Acero inoxidable planas. Largo..,,General,https://nuvex.uy/image/cache/catalog/CATEGORIAS/HOGAR/BAZAR%20TECNO/2026/CAMP%203/120GRA%20(1).jpeg,<paymentLink>
46,Bombilla Con Cepillo Limpiador,COD OR: QY020 -    Infaltable para un buen mate!Bombilla de color pastel con cepillo ..,,General,https://nuvex.uy/image/cache/catalog/CATEGORIAS/HOGAR/BAZAR%20TECNO/2026/CAMP%203/QY020.jpeg,<paymentLink>
32,Bandeja Fuente Oval,COD OR: -      Ideal para servir alimentos!Bandeja fuente oval de Acero inoxidab..,,General,https://nuvex.uy/image/cache/catalog/CATEGORIAS/HOGAR/BAZAR%20TECNO/2026/CAMP%203/13158.jpeg,<paymentLink>
67,Aceitera De Vidrio 500ml,"COD OR: 275    Aceitera/Vinagrera de vidrio, liso envase. De 500 c.c.Para mantener la..",,General,https://nuvex.uy/image/cache/catalog/CATEGORIAS/HOGAR/BAZAR%20TECNO/2026/CAMP%203/366-389-275%20(2).jpeg,<paymentLink>
358,Traba Mas Recip. Rect 550 Ml,"Ideal para almacenar diferentes alimentos!       RECIPIENTE 550ML, BPA FREE. CIE..",,General,https://nuvex.uy/image/cache/catalog/CATEGORIAS/HOGAR/BAZAR%20ENCATEX/CAMP%204/7899808893838.jpg,<paymentLink>
318,Repasador Dohler Citrus,Ideales para secar platos o en tus tareas diarias!!     REPASADOR DOHLER LÍNEA ..,,General,https://nuvex.uy/image/cache/catalog/CATEGORIAS/HOGAR/BAZAR%20ENCATEX/7891497037364%207891497029116%207891497029062%207891497029079%207891497029086%20REPASADOR%20CITRUS%20VARIOS.jpg,<paymentLink>
376,RECIPIENTE CUADRADO TRIO 1.5 LT - GRIS,Ideal para conservar diferentes alimentos!      RECIPIENTE CON CAPACIDAD DE 1.5 ..,,General,https://nuvex.uy/image/cache/catalog/CATEGORIAS/HOGAR/BAZAR%20ENCATEX/CAMP%205/7896042059891.jpg,<paymentLink>
375,RECIPIENTE CUADRADO TRIO 1 LT,"Ideal para conservar diferentes alimentos!      ""RECIPIENTE CON CAPACIDAD DE 1 L..",,General,https://nuvex.uy/image/cache/catalog/CATEGORIAS/HOGAR/BAZAR%20ENCATEX/CAMP%205/7899808893395.jpg,<paymentLink>
354,Plug Recip. Cuadrado 510 Ml,Ideal para almacenar diferentes alimentos!       RECIPIENTE CUADRADO TAPA ROSCA ..,,General,https://nuvex.uy/image/cache/catalog/CATEGORIAS/HOGAR/BAZAR%20ENCATEX/CAMP%204/7899808895948.jpg,<paymentLink>
12,Juego Menage 6 Pzas Teflon,COD OR: (-) - COD WEB: 8366       Ideal para diversas tareas en la cocina!– 1 Cu..,,General,https://nuvex.uy/image/cache/catalog/CATEGORIAS/HOGAR/BAZAR%20TECNO/2026/CAMP%203/8366%20(2).jpeg,<paymentLink>
205,Jarra Con Exprimidor 750ml,COD OR: 7896042036502                    &nbs..,,General,https://nuvex.uy/image/cache/catalog/CATEGORIAS/HOGAR/BAZAR%20ENCATEX/7896042036502%20(1).jpg,<paymentLink>
59,Escurridor De Cubiertos,COD OR: UNI00983 - COD WEB: 983    El escurridor de cubiertos es un artículo práctico..,,General,https://nuvex.uy/image/cache/catalog/CATEGORIAS/HOGAR/BAZAR%20TECNO/2026/CAMP%203/UNI00983%20(3).jpeg,<paymentLink>
69,Canasto Organizador Rectangular,COD OR: 97T251    Los canastos para organizar se convierten en un elemento tremendame..,,General,https://nuvex.uy/image/cache/catalog/CATEGORIAS/HOGAR/BAZAR%20TECNO/2026/CAMP%203/97251%20(4).jpeg,<paymentLink>
317,Repasador Dohler Tecilar,Ideales para secar platos o en tus tareas diarias!     REPASADOR DOHLER. VARIED..,,General,https://nuvex.uy/image/cache/catalog/CATEGORIAS/HOGAR/BAZAR%20ENCATEX/7891497004854%20(4).JPG,<paymentLink>
329,Repasador Dohler Real - Surtidos,"Ideales para secar platos o en tus tareas diarias!     ""REPASADOR DOHLER CON DI..",,General,https://nuvex.uy/image/cache/catalog/CATEGORIAS/HOGAR/BAZAR%20ENCATEX/7891497049213%20(5).JPG,<paymentLink>
144,Manija Agarra Bolsas,COD OR: (-) - MANIJA AGARRA BOLSAS ONE TRIP GRIPSIN ELECCION DE COLOR- Este gancho sujeta bolsa..,,General,https://nuvex.uy/image/cache/catalog/CATEGORIAS/HOGAR/BAZAR%20TECNO/2026/CAMP%204/1025%20(1).jpeg,<paymentLink>
56,Frasco De Vidrio Tapa A Cuadritos 380 Ml,"COD OR: FRS-005 -Tarros de cristal para mermelada, postre, pures y salsas de 380 ml con tapa de rosc..",,General,https://nuvex.uy/image/cache/catalog/CATEGORIAS/HOGAR/BAZAR%20TECNO/2026/CAMP%203/FRS-005.jpeg,<paymentLink>
66,Aceitera De Vidrio 250ml,"COD OR: 389    Aceitera/Vinagrera de vidrio, liso envase. De 250 c.c.Para mantener la..",,General,https://nuvex.uy/image/cache/catalog/CATEGORIAS/HOGAR/BAZAR%20TECNO/2026/CAMP%203/366-389-275%20(2).jpeg,<paymentLink>
200,Taza 360 Ml Conica,TAZA IDEAL PARA DESAYUNOS Y MERIENDAS.CAPACIDAD: 360ml.DIMENSIONES 11.1x8.7x10.2 cm. ..,,General,https://nuvex.uy/image/cache/catalog/CATEGORIAS/HOGAR/BAZAR%20ENCATEX/7896042009780.JPG,<paymentLink>
64,Set X 2 Saleros,"COD OR: 51014    Set de 2 piezas de saleros de vidrio de alta calidad, con una longit..",,General,https://nuvex.uy/image/cache/catalog/CATEGORIAS/HOGAR/BAZAR%20TECNO/2026/CAMP%203/51014%20(1).jpeg,<paymentLink>
377,RECIPIENTE RECTANGULAR TRIO 750 ML,"Ideal para conservar diferentes alimentos!      ""RECIPIENTE CON CAPACIDAD DE 750..",,General,https://nuvex.uy/image/cache/catalog/CATEGORIAS/HOGAR/BAZAR%20ENCATEX/CAMP%205/7896042059969.jpg,<paymentLink>
204,Recipiente Pop Cuadrado 1 Lt,RECIPIENTE CUADRADOCAPACIDAD: 1Lt Medidas: 18cm DE LARGO x 6cm DE ALTURA x 18cm DE ANCHO LIBRE DE BP..,,General,https://nuvex.uy/image/cache/catalog/CATEGORIAS/HOGAR/BAZAR%20ENCATEX/7899808894361.jpg,<paymentLink>
344,Pote 900 Ml Connect,Ideal para almacenar distintas cantidades de alimento!        RECIPIENTE RE..,,General,https://nuvex.uy/image/cache/catalog/CATEGORIAS/HOGAR/BAZAR%20ENCATEX/CAMP%204/7899808861899%20(1).jpg,<paymentLink>
343,Pote 600 Ml Connect,Ideal para almacenar distintas cantidades de alimento!        RECIPIENTE RE..,,General,https://nuvex.uy/image/cache/catalog/CATEGORIAS/HOGAR/BAZAR%20ENCATEX/CAMP%204/7899808861905%20(1).jpg,<paymentLink>
357,Recipiente Traba Mas Rect 360 Ml,Ideal para almacenar diferentes alimentos!       RECIPIENTE DE PLÁSTICO RECTANGU..,,General,https://nuvex.uy/image/cache/catalog/CATEGORIAS/HOGAR/BAZAR%20ENCATEX/CAMP%204/7896042078335.jpg,<paymentLink>
337,Recipiente Tapa Rosca 720 Ml,"Ideal para almacenar diferentes alimentos!       RECIPIENTE CON TAPA ROSCA, IDEA..",,General,https://nuvex.uy/image/cache/catalog/CATEGORIAS/HOGAR/BAZAR%20ENCATEX/CAMP%204/7899808859117-.jpeg,<paymentLink>
79,Pelapapas De Ceramica Filo,COD OR: 61926 -     Indispensable en cada hogar!- Pelador de verduras- Asas antidesli..,,General,https://nuvex.uy/image/cache/catalog/CATEGORIAS/HOGAR/BAZAR%20TECNO/2026/CAMP%204/61926%20(1).jpeg,<paymentLink>
71,Mini Selladora De Bolsa,COD OR: 51413   Mini Selladora de Embalajes Sellador Alimentos Portátil.Sellador de plásti..,,General,https://nuvex.uy/image/cache/catalog/CATEGORIAS/HOGAR/BAZAR%20TECNO/2026/CAMP%203/51413%20(1).jpeg,<paymentLink>
314,Agarradera Home Class Water Proof,Olvidate de las quemaduras al cocinar!       AGARRADERA WATER PROOF MEDIDAS..,,General,https://nuvex.uy/image/cache/catalog/CATEGORIAS/HOGAR/BAZAR%20ENCATEX/7730784157814.png,<paymentLink>
65,Aceitera De Vidrio 150ml,"COD OR: 366     Aceitera/Vinagrera de vidrio, liso envase. De 150 c.c.Para mantener l..",,General,https://nuvex.uy/image/cache/catalog/CATEGORIAS/HOGAR/BAZAR%20TECNO/2026/CAMP%203/366-389-275%20(2).jpeg,<paymentLink>
330,Repasador Kanguro Ajedrez,Ideales para secar platos o en tus tareas diarias!!     REPASADORES DE EXCELENT..,,General,https://nuvex.uy/image/cache/catalog/CATEGORIAS/HOGAR/BAZAR%20ENCATEX/7730784038908%207730784113889%207730942632993%207730784038892-.jpeg,<paymentLink>
378,RECIPIENTE RECTANGULAR TRIO 600 ML,"Ideal para conservar diferentes alimentos!      ""RECIPIENTE CON CAPACIDAD DE 600..",,General,https://nuvex.uy/image/cache/catalog/CATEGORIAS/HOGAR/BAZAR%20ENCATEX/CAMP%205/7896042059976.jpg,<paymentLink>
336,Recipiente Rectangular 620ml,Ideal para almacenar diferentes alimentos!       RECIPIENTE RECTANGULAR IDEAL PA..,,General,https://nuvex.uy/image/cache/catalog/CATEGORIAS/HOGAR/BAZAR%20ENCATEX/CAMP%204/7899808859285-%20(2).jpeg,<paymentLink>
335,Recipiente Cuadrado 500 Ml,Ideal para almacenar diferentes alimentos!       RECIPIENTE CUADRADO IDEAL PARA ..,,General,https://nuvex.uy/image/cache/catalog/CATEGORIAS/HOGAR/BAZAR%20ENCATEX/CAMP%204/7899808859209-.jpeg,<paymentLink>
319,Individual Bamboo,Ideal para decorar la mesa y protegerla!     INDIVIDUAL IDEAL PARA DECORAR LA MESA Y ..,,General,https://nuvex.uy/image/cache/catalog/CATEGORIAS/HOGAR/BAZAR%20ENCATEX/7730942637189.jpg,<paymentLink>
307,Cubiertos Treviso Tenedor Set X 3,"Producto indispensable para tu hogar!   CUBIERTOS SIMONAGGIO, LINEA TREVISO - MATERIAL: AC..",,General,https://nuvex.uy/image/cache/catalog/CATEGORIAS/HOGAR/BAZAR%20ENCATEX/7896211856160.jpg,<paymentLink>
303,Cubiertos Treviso Set X 3,"Producto indispensable para tu hogar!   CUBIERTOS SIMONAGGIO, LINEA TREVISO - MATERIAL: AC..",,General,https://nuvex.uy/image/cache/catalog/CATEGORIAS/HOGAR/BAZAR%20ENCATEX/7896211820475.jpg,<paymentLink>
306,Cubiertos Treviso Cuchillos X 3,"Producto indispensable para tu hogar!   CUBIERTOS SIMONAGGIO, LINEA TREVISO - MATERIAL: AC..",,General,https://nuvex.uy/image/cache/catalog/CATEGORIAS/HOGAR/BAZAR%20ENCATEX/7896211856177.jpg,<paymentLink>
305,Cubiertos Treviso Cuchara Set X 3,"Producto indispensable para tu hogar!   CUBIERTOS SIMONAGGIO, LINEA TREVISO - MATERIAL: AC..",,General,https://nuvex.uy/image/cache/catalog/CATEGORIAS/HOGAR/BAZAR%20ENCATEX/7896211856153.jpg,<paymentLink>
342,Pote 370 Ml Connect,Ideal para almacenar distintas cantidades de alimento!        RECIPIENTE RE..,,General,https://nuvex.uy/image/cache/catalog/CATEGORIAS/HOGAR/BAZAR%20ENCATEX/CAMP%204/7899808861943.jpg,<paymentLink>
297,Porta Detergente Compacto,Ideal para tu cocina o lavadero!   PORTA DETERGENTE Y ESPONJA DE PLASTICO - MEDIDAS: 18cm ..,,General,https://nuvex.uy/image/cache/catalog/CATEGORIAS/HOGAR/BAZAR%20ENCATEX/7896042026329.jpg,<paymentLink>
308,Cubiertos Treviso Cuch Postr X 3,"Producto indispensable para tu hogar!   CUBIERTOS SIMONAGGIO, LINEA TREVISO - MATERIAL: AC..",,General,https://nuvex.uy/image/cache/catalog/CATEGORIAS/HOGAR/BAZAR%20ENCATEX/7896211823377.jpg,<paymentLink>
147,Set X 5 Almohadillas Maquillaje,COD OR: 6134401 - Ideales para aplicar maquillaje líquido y cremoso!- Colores surtidos sin elec..,,General,https://nuvex.uy/image/cache/catalog/CATEGORIAS/HOGAR/BAZAR%20TECNO/2026/CAMP%204/6134401-.jpeg,<paymentLink>
148,Set X 4 Almohadillas Maquillaje,COD OR: 6134501 -   Ideales para aplicar maquillaje líquido y cremoso!- Colores surtidos s..,,General,https://nuvex.uy/image/cache/catalog/CATEGORIAS/HOGAR/BAZAR%20TECNO/2026/CAMP%204/6134501.jpeg,<paymentLink>
379,RECIPIENTE RECTANGULAR TRIO 350 ML - GRIS,"Ideal para conservar diferentes alimentos!      ""RECIPIENTE CON CAPACIDAD DE 350..",,General,https://nuvex.uy/image/cache/catalog/CATEGORIAS/HOGAR/BAZAR%20ENCATEX/CAMP%205/7896042059877.jpg,<paymentLink>
120,Mini Set De Jardin X 2 Piezas,"COD OR: 518 - COD WEB: 518Ideal para suculentas, tunas y pequeñas plantas!- Pala cultivadora- Rastri..",,General,https://nuvex.uy/image/cache/catalog/CATEGORIAS/HOGAR/BAZAR%20TECNO/2026/CAMP%204/518%20(2).jpeg,<paymentLink>
316,Individual Pp 42*27 Ad,"Ideales para uso diario!     ""INDIVIDUAL PLASTICO ANTIMANCHAS, REPELE LIQUIDOS.TAMAÑO..",,General,https://nuvex.uy/image/cache/catalog/CATEGORIAS/HOGAR/BAZAR%20ENCATEX/7730784155995.jpg,<paymentLink>
55,Frasco De Vidrio Tapa A Cuadritos 100 Ml,"COD OR: FRS-001 -    Tarros de cristal para mermelada, postre, pures y salsas de 100 ..",,General,https://nuvex.uy/image/cache/catalog/CATEGORIAS/HOGAR/BAZAR%20TECNO/2026/CAMP%203/FRS-005.jpeg,<paymentLink>
315,Individual Pp Redondo,"Ideales para uso diario!     ""INDIVIDUALES DISEÑOS COLORIDOS - DIAMENTRO: 30cm -..",,General,https://nuvex.uy/image/cache/catalog/CATEGORIAS/HOGAR/BAZAR%20ENCATEX/7730784103408.jpg,<paymentLink>
113,Aspiradora PortÁtil Recargable,COD OR: MD-A3 -     Ideal para mantener tus sillones y vehículos impecables!- Potenci..,,General,https://nuvex.uy/image/cache/catalog/CATEGORIAS/TECNO/2026/CAMP%204/MD-A3%20(2).jpeg,<paymentLink>
123,Foco Led Exterior Con Panel Solar,"COD OR: GD-60H -    Ideal para Iluminar espacios exteriores amplios, jardines, acceso..",,General,https://nuvex.uy/image/cache/catalog/CATEGORIAS/TECNO/2026/CAMP%204/GD-60H.jpeg,<paymentLink>
268,Lavadora PortÁtil De Alta PresiÓn,"COD OR: LH-HI01 -    Ideal para limpiar autos, bicicletas, ventanas, patios y ha..",,General,https://nuvex.uy/image/cache/catalog/CATEGORIAS/TECNO/2026/CAMP%204/DUL-LH-HI01%20(1).jpeg,<paymentLink>
106,Secador De Pelo Profile Con Accesorios,COD OR: PR-MX160    ¡Dale a tu cabello el cuidado que se merece con el Secador de Cab..,,General,https://nuvex.uy/image/cache/catalog/CATEGORIAS/TECNO/2026/CAMP%204/PR-MX160%20(3).jpeg,<paymentLink>
96,Maquina Algodon De Azucar,COD OR: 24E4050   Disfruta de deliciosos algodones de azúcar en casa con esta máquina de 5..,,General,https://nuvex.uy/image/cache/catalog/CATEGORIAS/TECNO/2026/CAMP%204/24E4050%20(4).jpeg,<paymentLink>
6,Parlante Portatil Con Bluetooth Full Led,COD OR: CS-4404   Ideal para llevar música y audio de alta calidad a cualquier lugar!..,,General,https://nuvex.uy/image/cache/catalog/CATEGORIAS/TECNO/2026/CAMP%203/CS-4404.jpeg,<paymentLink>
381,SANDWICHERA,COD OR: BM-722    Tostados perfectos en minutos! Esta sandwichera te permit..,,General,https://nuvex.uy/image/cache/catalog/CATEGORIAS/TECNO/2026/CAMP%205/DUL-BM-722.jpeg,<paymentLink>
208,Moldeador De Pelo 5 En 1,COD OR: LCP-STYLE   3 velocidades con interruptorIndicador de encendidoProtección con..,,General,https://nuvex.uy/image/cache/catalog/CATEGORIAS/TECNO/2026/CAMP%204/DUL-LCPSTYLE.jpeg,<paymentLink>
94,Panquequera Electrica Raf,COD OR: E0083 -    Crepera Eléctrica 650W 20cm Antiadherente.Prepara Deliciosos Crepe..,,General,https://nuvex.uy/image/cache/catalog/CATEGORIAS/TECNO/2026/CAMP%204/E0083%20(4).jpeg,<paymentLink>
206,Masajeador De Espalda,COD OR: 6780      Ideal para maquillarte todos los días!Regálate un buen masaje ..,,General,https://nuvex.uy/image/cache/catalog/CATEGORIAS/TECNO/2026/CAMP%204/DUL-6780.jpeg,<paymentLink>
107,Cepillo Alisador De Pelo,COD OR: HQT-906 -   Con el cepillo alisador eléctico HQT-906 conseguirás alisar y quitar e..,,General,https://nuvex.uy/image/cache/catalog/CATEGORIAS/TECNO/2026/CAMP%204/HQT-906%20(1).jpeg,<paymentLink>
3,Lampara Proyector Bluetooth Astronauta,"COD OR: ASTRO-195   Ideal para crear ambientes relajantes, románticos o temáticos!- D..",,General,https://nuvex.uy/image/cache/catalog/CATEGORIAS/TECNO/2026/CAMP%203/ASTRO-195%20(2).jpeg,<paymentLink>
93,Mini Waflera,COD OR: MINIWAFLERA    Ideal para cualquier cocina!Voltaje: 220 VCaracterísticas:* Ma..,,General,https://nuvex.uy/image/cache/catalog/CATEGORIAS/TECNO/2026/CAMP%204/MINIWAFLERA%20(1).jpeg,<paymentLink>
112,Cepilladora Electrica Resistente Al Agua,COD OR: PS-3505 -   La limpieza al alcance de un botón!- Portátil y duradero- Recargable U..,,General,https://nuvex.uy/image/cache/catalog/CATEGORIAS/TECNO/2026/CAMP%204/PS-3505.jpeg,<paymentLink>
103,Secador De Pelo Viajero Profile,"COD OR: 45,009 -   PR-MX150Potencia y precisión para un peinado perfecto!Secador De Pelo V..",,General,https://nuvex.uy/image/cache/catalog/CATEGORIAS/TECNO/2026/CAMP%204/PR-MX150%20(1).jpeg,<paymentLink>
364,Jarra Electrica Boma,COD OR: BM-1809   Ideal para llevar a todos lados!Capacidad: 0.6LPotencia: 700WMateri..,,General,https://nuvex.uy/image/cache/catalog/CATEGORIAS/TECNO/2026/CAMP%204/WhatsApp%20Image%202026-04-30%20at%2015.22.08.jpeg,<paymentLink>
271,Calentador De Pies ElÉctrico,Codigo: DUL - FW-3030                    &nbs..,,General,https://nuvex.uy/image/cache/catalog/CATEGORIAS/TECNO/2026/CAMP%204/FW-3030%20(3).jpg.jpeg,<paymentLink>
202,Auricular Bluetooth Treqa,COD OR: BT-35       Display / TáctilDuración de batería: 3 horas aprox..,,General,https://nuvex.uy/image/cache/catalog/CATEGORIAS/TECNO/2026/CAMP%204/DAN-M98-.jpg,<paymentLink>
8,Radio Portatil Cmik Am/fm,COD OR: ICF-8    Ideal para amantes de la radio tradicional!- AM / FM- Funciona con 2..,,General,https://nuvex.uy/image/cache/catalog/CATEGORIAS/TECNO/2026/CAMP%203/ICF-8%20(1).jpeg,<paymentLink>
207,Masajeador,COD OR: GX-608    La herramienta eléctrica de masaje de cuello está diseñada para pro..,,General,https://nuvex.uy/image/cache/catalog/CATEGORIAS/TECNO/2026/CAMP%204/DUL-GX-608.jpeg,<paymentLink>
5,Parlante Bluetooth Portable,COD OR: X-911   Ideal para llevar música y audio de alta calidad a cualquier lugar!- ..,,General,https://nuvex.uy/image/cache/catalog/CATEGORIAS/TECNO/2026/CAMP%203/X-911%20(2).jpeg,<paymentLink>
309,MicrÓfono InalÁmbrico Para Karaoke Con Altavoz,COD OR: V5         Micrófono Inalámbrico Karaoke con ParlanteLlev..,,General,https://nuvex.uy/image/cache/catalog/CATEGORIAS/TECNO/2026/CAMP%204/DUL-V5%20(1).jpeg,<paymentLink>
380,JARRA CAFETERA ELECTRICA,COD OR: BM-1626 -   Disfrutá de un café delicioso y fresco con cada preparación.- Su ..,,General,https://nuvex.uy/image/cache/catalog/CATEGORIAS/TECNO/2026/CAMP%205/DUL-BM-1626%20(1).jpeg,<paymentLink>
121,Foco Cob Exterior,COD OR: FXCOB-50 - COD WEB: 500Ideal para iluminar áreas medianas y grandes con alta intensidad!- Po..,,General,https://nuvex.uy/image/cache/catalog/CATEGORIAS/TECNO/2026/CAMP%204/FXCOB-50.jpeg,<paymentLink>
128,Destornillador Taladro Recargable,"COD OR: ED47 -    Ideal para cualquier tipo de trabajo en el Hogar!- Puntas, dados y ..",,General,https://nuvex.uy/image/cache/catalog/CATEGORIAS/TECNO/2026/CAMP%204/ED47.jpeg,<paymentLink>
108,Cepillo ElÉctrico Smartbrush 3 En 1,"COD OR: MU-008   Ideal para tus mejores looks!- Seca, alisa y da volumen- Tecnología iónic..",,General,https://nuvex.uy/image/cache/catalog/CATEGORIAS/TECNO/2026/CAMP%204/MU-008%20(3).jpeg,<paymentLink>
260,Mini Camara Wifi Inalambrica,COD OR: A-9  Mini cámara WiFi que ofrece grabación en HD 720P/1080P con un ángulo de visió..,,General,https://nuvex.uy/image/cache/catalog/CATEGORIAS/TECNO/2026/CAMP%204/DUL-A-9%20(1).jpeg,<paymentLink>
274,Cortapelo Para Mascotas Con Accesorios,COD OR: PC-627     Ideal para cuidar el pelaje y la piel de tu mascota!  Co..,,General,https://nuvex.uy/image/cache/catalog/CATEGORIAS/TECNO/2026/CAMP%204/DUL-PC-627.jpeg,<paymentLink>
102,Corta Pelo Trimmer Dorada,COD OR: B0188   Máquina de Afeitar Profesional Cortadora Patillera Hair Clipper¡Disfruta r..,,General,https://nuvex.uy/image/cache/catalog/CATEGORIAS/TECNO/2026/CAMP%204/B0188%20(1).jpeg,<paymentLink>
126,Linterna Recargable Usb,"COD OR: T6-19 - Perfecta para actividades al aire libre, emergencias y uso diario!- 450 lúmenes..",,General,https://nuvex.uy/image/cache/catalog/CATEGORIAS/TECNO/2026/CAMP%204/T6-19.jpeg,<paymentLink>
100,Balanza Digital Ledstar Inteligente Con App,"COD OR: LB-17A    Análisis corporal al instante!- Hasta 180kg- 26x26x0,4cm- Base anti..",,General,https://nuvex.uy/image/cache/catalog/CATEGORIAS/TECNO/2026/CAMP%204/LB-17A.jpeg,<paymentLink>
4,Parlante Portatil Bluetooth,COD OR: TG113   Ideal para llevar música y audio de alta calidad a cualquier lugar!- ..,,General,https://nuvex.uy/image/cache/catalog/CATEGORIAS/TECNO/2026/CAMP%203/TG113.jpeg,<paymentLink>
275,Dispensador Con Timer Para Mascotas,"COD OR: EG-603     Ideal para dueños con horarios complicados, viajes o lar..",,General,https://nuvex.uy/image/cache/catalog/CATEGORIAS/TECNO/2026/CAMP%204/DUL-EG-603%20(1).jpeg,<paymentLink>
133,Teclado Wireless Ledstar Con Luz,COD OR: LAT-I8 -   Ideal para jugar o trabajar de noche en entornos de baja luminosidad!- ..,,General,https://nuvex.uy/image/cache/catalog/CATEGORIAS/TECNO/2026/CAMP%204/LAT-I8%20(1).jpeg,<paymentLink>
382,MICROFONO SOLAPERO INALAMBRICO TIPO C,COD OR: K8-C    El micrófono inalámbrico K8 USB-C es la herramienta perfecta par..,,General,https://nuvex.uy/image/cache/catalog/CATEGORIAS/TECNO/2026/CAMP%205/DUL-K8-C.jpeg,<paymentLink>
109,Cortapelo Ledstar Hair Clipper C/cable,COD OR: LCP-7604 -    Tu aliada para un estilo impecable!- Hoja de acero inoxidable- ..,,General,https://nuvex.uy/image/cache/catalog/CATEGORIAS/TECNO/2026/CAMP%204/LCP-7604%20(1).jpeg,<paymentLink>
44,Batidor Y Espumador PortÁtil Recargable,COD OR: JBQ-3 -   El compañero perfecto para los amantes del café y los postres!- 3 Veloci..,,General,https://nuvex.uy/image/cache/catalog/CATEGORIAS/TECNO/2026/CAMP%203/JBQ-3%20(1).jpeg,<paymentLink>
7,Auricular Ledstar Street Bluetooth,COD OR: LA-STREET    Ideales para viajes y uso diario!- Conexión inalámbrica- FM / US..,,General,https://nuvex.uy/image/cache/catalog/CATEGORIAS/TECNO/2026/CAMP%203/LA-STREET%20(1).jpeg,<paymentLink>
143,Timbre Inalambrico A Bateria,COD OR: 3900C -    Ideal para que las visitas no esperen de más!- Fácil de instalar- ..,,General,https://nuvex.uy/image/cache/catalog/CATEGORIAS/TECNO/2026/CAMP%204/3900C.jpeg,<paymentLink>
125,Set X 3 Luces Led De Uso Interior,"COD OR: X56COB-3+1 - Ideal para alacena, placard, muebles o como luces de emergencia!- Control ..",,General,https://nuvex.uy/image/cache/catalog/CATEGORIAS/TECNO/2026/CAMP%204/X56COB-3+1%20(1).jpeg,<paymentLink>
92,Licuadora PortÁtil,COD OR: HM-03 - COD WEB: 303     Prepará tus licuados donde sea!- 380ml- Motor 3.6V- ..,,General,https://nuvex.uy/image/cache/catalog/CATEGORIAS/TECNO/2026/CAMP%204/HM-03%20(1).jpeg,<paymentLink>
136,Tira De Luz Led Rgb,"COD OR: (24E1218) -     Ideales para ambientar bares, restaurantes, boliches y locale..",,General,https://nuvex.uy/image/cache/catalog/CATEGORIAS/TECNO/2026/CAMP%204/241218%20(1).jpeg,<paymentLink>
99,Espejo Con Luz Led,"COD OR: YB-003   Ideal para maquillarte todos los días!- Ángulo ajustable- 19,7x13x1,4cm- ..",,General,https://nuvex.uy/image/cache/catalog/CATEGORIAS/TECNO/2026/CAMP%204/YB-003%20(1).jpeg,<paymentLink>
114,Aspiradora PortÁtil InalÁmbrica,COD OR: AS-228 -   Ideal para mantener tus sillones y vehículos impecables!- Potencia de 1..,,General,https://nuvex.uy/image/cache/catalog/CATEGORIAS/TECNO/2026/CAMP%204/AS-228.jpeg,<paymentLink>
132,Alargador Zapatilla Con Puertos Celular,COD OR: (24E1215) -   Ideal para conectar tus dispositivos sin preocupaciones!- Cable de 1..,,General,https://nuvex.uy/image/cache/catalog/CATEGORIAS/TECNO/2026/CAMP%204/241215%20(1).jpeg,<paymentLink>
363,Parlante PortÁtil Treqa,COD OR: X1   Lleva la música a todas partes!TWSBatería recargableDistancia: 10 mts.Batería..,,General,https://nuvex.uy/image/cache/catalog/CATEGORIAS/TECNO/2026/CAMP%204/DAN-EX0036%20(6).jpeg,<paymentLink>
366,Balanza Mini Digital,COD OR: A01        Presentamos la minibáscula digital de bolsillo de alta p..,,General,https://nuvex.uy/image/cache/catalog/CATEGORIAS/TECNO/2026/CAMP%205/DUL-A01%20(2).jpeg,<paymentLink>
131,Alargador Zapatilla,COD OR: (25E4036) -    Largo del cable: 1.5 cm. Cantidad de tomas: 5. Su frecuencia e..,,General,https://nuvex.uy/image/cache/catalog/CATEGORIAS/TECNO/2026/CAMP%204/254036.jpeg,<paymentLink>
111,Removedor De Pelusas A Pila,COD OR: JN-5207 -  Mantén tu ropa en excelente estado!- Ergonómico y fácil de usar- Portát..,,General,https://nuvex.uy/image/cache/catalog/CATEGORIAS/TECNO/2026/CAMP%204/JN-5207%20(3).jpeg,<paymentLink>
51,Dispensador De Agua PortÁtil Con Adaptador,COD OR: WD800 -    Dispensa agua potable de manera fácil y conveniente!- Batería de 8..,,General,https://nuvex.uy/image/cache/catalog/CATEGORIAS/TECNO/2026/CAMP%203/WD800%20(3).jpeg,<paymentLink>
43,Batidor Espumador Capuccino X 2 Unidades,"COD OR: SETX2BATIDORCAPUCCINO -    Para hacer el mejor capuchino, omelette, milk shak..",,General,https://nuvex.uy/image/cache/catalog/CATEGORIAS/TECNO/2026/CAMP%203/SETX2BATIDORCAPUCCINO%20(1).jpeg,<paymentLink>
124,Luz Led Solar Con Sensor,COD OR: 7996 -    Ideal para iluminar zonas exteriores!- 30 LEDs- Resistente al agua-..,,General,https://nuvex.uy/image/cache/catalog/CATEGORIAS/TECNO/2026/CAMP%204/7996.jpeg,<paymentLink>
134,Cargador Treqa Usb Doble 3.1a,COD OR: CH-621 - Ideal para cargar rápidamente hasta dos dispositivos simultáneamente!- 2 puert..,,General,https://nuvex.uy/image/cache/catalog/CATEGORIAS/TECNO/2026/CAMP%204/CH-621.jpeg,<paymentLink>
365,Mini Afeitadora Electrica,"COD OR: SH-01    - Diseño portable que se adapta a tu llavero, ideal para llevar a cu..",,General,https://nuvex.uy/image/cache/catalog/CATEGORIAS/TECNO/2026/CAMP%205/DUL-SH-01.jpeg,<paymentLink>
270,Limpiador Facial Exfoliante,Codigo: DUL-MU-006                      ..,,General,https://nuvex.uy/image/cache/catalog/CATEGORIAS/TECNO/2026/CAMP%204/MU-006.jpg,<paymentLink>
138,LÁmpara Bola De Luces Led Rgb Giratoria,"COD OR: XMQ -   Ideal para ambientaciones de Bares, boliches, fiestas, cumpleaños, Etc!- 3..",,General,https://nuvex.uy/image/cache/catalog/CATEGORIAS/TECNO/2026/CAMP%204/XMQ%20(2).jpeg,<paymentLink>
129,Set X 2 Luces Led De Silicona Para Bicicleta,COD OR: HJ008-2 -   Ilumina tu camino!- Blanca y roja- Tres modos de luminosidad- Funciona..,,General,https://nuvex.uy/image/cache/catalog/CATEGORIAS/TECNO/2026/CAMP%204/HJ008-2%20(2).jpeg,<paymentLink>
135,Lampara Led Flexible Portatil,COD OR: 54262 -   El Velador Led Flexible A Pilas' es un mini velador LED flexible con bot..,,General,https://nuvex.uy/image/cache/catalog/CATEGORIAS/TECNO/2026/CAMP%204/54262%20(1).jpeg,<paymentLink>
252,Bata Dohler Mic. Flannel,Ideal para usar despúes de la ducha!   BATA DOHLER 100% MICROFIBRA -TALLE P / MEDIDAS APRO..,,General,https://nuvex.uy/image/cache/catalog/CATEGORIAS/BAÑO/2026/CAMP%204/7730784083939%20-%207730784083991%20-%207730784084059%20-%207730784084110%20(1).jpg,<paymentLink>
221,Set De BaÑo 2 Pzas,"SET ACCESORIOS DE BAÑO 2 PIEZAS: DISPENSADOR DE JABON LIQUIDO. MEDIDAS 16,5CM ALTO 6,5CM DIAMETRO PO..",,General,https://nuvex.uy/image/cache/catalog/CATEGORIAS/BAÑO/7730784142872%20(1).jpg,<paymentLink>
262,Juego Toalla  2 Pzas Prisma,Codigo: 7891497495928                    ..,,General,https://nuvex.uy/image/cache/catalog/CATEGORIAS/BAÑO/7891497495928%20BAÑO%20TOALLA%20JUEGO%202%20PZAS%20PRISMA%20EST%2028179%20ACQUA%20-%20BCOCELESTE.jpg,<paymentLink>
242,ToallÓn Playero Circular Microfibra Unicornio,Codigo: 7730784139506                    ..,,General,https://nuvex.uy/image/cache/catalog/CATEGORIAS/BAÑO/7730784139506.jpg,<paymentLink>
243,Bata Poncho Vel 60*120,BATA PONCHO CON FORMA INFANTIL IDEAL PARA SALIR DE LA DUCHA MATERIAL: 100% ALGODÓN MEDIDA: 60x120cm...,,General,https://nuvex.uy/image/cache/catalog/CATEGORIAS/BAÑO/7730784147563%20(1).jpg,<paymentLink>
241,Alfombra Est C/mem 100x160 Calles,Codigo: 7730784172022                    &nbs..,,General,https://nuvex.uy/image/cache/catalog/CATEGORIAS/BAÑO/7730784172022.jpeg,<paymentLink>
266,Toalla 70*140 Comfort,TOALLAS DOHLER LINEA COMFORT 100% ALGODÓN GRAMAJE: 500g/m2 MEDIDA TOALLA ROSTRO: 50x90cmMEDIDA ..,,General,https://nuvex.uy/image/cache/catalog/CATEGORIAS/BAÑO/HOY/7891497989816_7891497989786_7891497989823_7891497989793_7891497113921_7891497113907%20(1).jpg,<paymentLink>
264,Toalla 70*140 Perola Estampada,"TOALLA DE BAÑO DOHLERMEDIDA: 70x140cmCOMPOSICIÓN: 100% ALGODÓN, GRAMAJE: 400 G/M2,..",,General,https://nuvex.uy/image/cache/catalog/CATEGORIAS/BAÑO/HOY/7891497887600_7891497887563.jpg,<paymentLink>
250,Playera Velour 70x130,"TOALLA INFANTIL MEDIDAS: 70x130cm MATERIAL: 100% ALGODÓN ATERCIOPELADA, MUY SUAVE...",,General,https://nuvex.uy/image/cache/catalog/CATEGORIAS/BAÑO/7730784165444.jpg,<paymentLink>
251,Bata Poncho Vel 60*120,BATA PONCHO CON CAPUCHA VELOUR TOQUE SUAVE - 100% ALGODÓN MEDIDA: 60x120cm - COLORES VIVOS...,,General,https://nuvex.uy/image/cache/catalog/CATEGORIAS/BAÑO/7730784147549_1.jpg,<paymentLink>
244,Alfombra  Chenille 40*60,ALFOMBRA INFANTIL IDEAL PARA EL BAÑO A EL DORMITORIO MEDIDA: 40x60cm - TOQUE SUAVE - COMPOSICIÓN: 10..,,General,https://nuvex.uy/image/cache/catalog/CATEGORIAS/BAÑO/7730784172039.jpeg,<paymentLink>
261,Juego Toalla 2 Pzas Priori,"JUEGO DE TOALLAS DOHLER LINEA PRIORI 100% ALGODÓN, GRAMAJE 340G/M2 MEDIDA TOALLA ROSTRO: 50x70cm MED..",,General,https://nuvex.uy/image/cache/catalog/CATEGORIAS/BAÑO/7891497146936%20(1).jpg,<paymentLink>
296,Toalla De BaÑo Dohler Fiorella,Codigo:7891497024074                      &nb..,,General,https://nuvex.uy/image/cache/catalog/CATEGORIAS/BAÑO/HOY/7891497024081%20-%207891497024074.png,<paymentLink>
267,Toalla 70*140 Prisma Estampada,TOALLA DE BAÑO DOHLER LINEA PRISMAMEDIDA: 70x140cmCOMPOSICIÓN: 100% ALGODÓNGRAMAJE: 400 G/M2 &n..,,General,https://nuvex.uy/image/cache/catalog/CATEGORIAS/BAÑO/HOY/7891497221367%20BAÑO%20TOALLA%2050x80%20PRISMA%20EST%205131227%20LUN%20GRIS%20-%207891497220131%20BAÑO%20TOALLA%2070140%20PRISMA%20EST%205131170%20LUN%20GRIS%20-.jpg,<paymentLink>
265,Toalla 70*140 Prisma,"TOALLA DE BAÑO DOHLERMEDIDA: 70x140cmCOMPOSICIÓN: 100% ALGODÓN, GRAMAJE: 400 G/M2...",,General,https://nuvex.uy/image/cache/catalog/CATEGORIAS/BAÑO/HOY/7891497598643%20-%207891497598339.jpg,<paymentLink>
254,Toalla 70*140 Prisma,"Suave y absorbente!      TOALLAS DOHLER LISAS LINEA PRISMA 100% ALGODÓN, GRAMAJE..",,General,https://nuvex.uy/image/cache/catalog/CATEGORIAS/BAÑO/2026/CAMP%204/7891497858365%20BAÑO%20TOALLA%205080%20PRISMA%20AF-1290%2067554478053%20CERE%20-%20CEREZA%20-%207891497858358%20BAÑO%20TOALLA%2070140%20PRISMA%20AF-1290%2067554478088%20-%20CEREZA.jpg,<paymentLink>
234,Cortina Mic. Home Class 180*180,"CORTINA DE BAÑO CON ARGOLLAS - TAMAÑO: 180x180cm -COMPOSICIÓN: 100% MICROFIBRA - WATERPROOF, ANTIHON..",,General,https://nuvex.uy/image/cache/catalog/CATEGORIAS/BAÑO/7730784156084.jpg,<paymentLink>
210,Accesorios De BaÑo 3 Pzas Glamour,SET ACCESORIOS DE BAÑO MATERIAL: POLIPROPILENO CONTIENE 3 PIEZAS: 1 JABONERA DE 285ml - 6.5x16c..,,General,https://nuvex.uy/image/cache/catalog/CATEGORIAS/BAÑO/7899808865743%20BAÑO%20ACCESORIOS%203%20PZAS%20GLAMOUR%2014666%20-%20TRANSPARENTE%20(1).jpg,<paymentLink>
213,Set De BaÑo 3 Pzas,"SET X3 ACCESORIOS PARA BAÑO DE CERAMICA LABRADA CONTIENE: 1 DISPENSADOR DE JABÓN 6x17cm, 1 PORT..",,General,https://nuvex.uy/image/cache/catalog/CATEGORIAS/BAÑO/7730784154271%20BAÑO%20ACCESORIOS%20CERAMICA%20SET%203%20PZAS%20LABRADA%20CELEST%20-%20CELESTE%20(1).jpg,<paymentLink>
230,Cortina Home Class Jacq Dobby 180*180,CORTINA DE BAÑO MEDIDAS: 180x180cm COMPOSICIÓN: 100% MICROFIBRA - WATER PROOF - VIENE CON 12 ARGOLLA..,,General,https://nuvex.uy/image/cache/catalog/CATEGORIAS/BAÑO/7730784159054%20BAÑO%20CORTINA%20HOME%20CLASS%20JACQ%20DOBBY%20180x180%20-%20AZUL.png,<paymentLink>
239,Alfombra Microfibra 40*60,ALFOMBRA PARA BAÑOTAMAÑO: 40x60cm COMPOSICIÓN: 100% MICROFIBRA CON ANTIDESLIZANTE...,,General,https://nuvex.uy/image/cache/catalog/CATEGORIAS/BAÑO/7730784001513%20BAÑO%20ALFOMBRA%20MICROFIBRA%2040x60%20BEIGE%20-%20BEIGE%20(1).jpg,<paymentLink>
219,Bamboo Set 2 Pzas,Codigo: 7730784130541                    &nbs..,,General,https://nuvex.uy/image/cache/catalog/CATEGORIAS/BAÑO/7730784130541.jpg,<paymentLink>
238,Alfombra Microfibra 43*61 H&k,ALFOMBRA CON MEMORIA TAMAÑO 43 x 61cm. COMPOSICIÓN: MICROFIBRA. ANTIDESLIZANTE. IDEAL PARA DECORAR T..,,General,https://nuvex.uy/image/cache/catalog/CATEGORIAS/BAÑO/7730784129224.png,<paymentLink>
259,Toalla 65*130 Priori,TOALLAS DOHLER LINEA PRIORI 100% ALGODÓN GRAMAJE: 340g/m2 MEDIDA TOALLA ROSTRO: 50x70cmMEDIDA TOALLA..,,General,https://nuvex.uy/image/cache/catalog/CATEGORIAS/BAÑO/ulti/7891497027648%20-%207891497027525.jpg,<paymentLink>
232,Toalla 65*140 Paris,TOALLA DE BAÑO LINEA PARIS - MEDIDA: 65x140cm -COMPOSICIÓN: 100% ALGODÓN - GRAMAJE: 300g/m2...,,General,https://nuvex.uy/image/cache/catalog/CATEGORIAS/BAÑO/7891497146912%20BAÑO%20TOALLA%2050x70%20AF-1671%20PARIS%205669251%20-%20NEGRO%20-%207891497146639%20BAÑO%20TOALLA%2065140%20AF-1671%20PARIS%205669243%20-%20NEGRO.jpg,<paymentLink>
231,Cortina Jacq Hc,CORTINA DE BAÑOMEDIDAS: 180x180cm COMPOSICIÓN: 100% MICROFIBRA - WATER PROOF - VIENE CON 12 ARGOLLAS..,,General,https://nuvex.uy/image/cache/catalog/CATEGORIAS/BAÑO/7730784170783%20BAÑO%20CORTINA%20JACQ%20HC%20LISA%20AMARILLO%20-%20AMARILLO.jpg,<paymentLink>
249,Playera Velour 70*130,"TOALLA INFANTIL MEDIDAS: 70x130cm MATERIAL: 100% ALGODÓN ATERCIOPELADA, MUY SUAVE...",,General,https://nuvex.uy/image/cache/catalog/CATEGORIAS/BAÑO/7891497669817%20(1).png,<paymentLink>
295,Toalla 50*90 Comfort,TOALLAS DOHLER LINEA COMFORT 100% ALGODÓN GRAMAJE: 500g/m2 MEDIDA TOALLA ROSTRO: 50x90cmMEDIDA ..,,General,https://nuvex.uy/image/cache/catalog/CATEGORIAS/BAÑO/HOY/7891497989816_7891497989786_7891497989823_7891497989793_7891497113921_7891497113907%20(1).jpg,<paymentLink>
229,Cortina Bukara Lisa C/transparencia,CORTINA DE BAÑO BUKARA.COMPOSICIÓN: 100% PEVA.TAMAÑO: 180x180cm.COLOR LISO CON FRANJA TRASLUCIDA.INC..,,General,https://nuvex.uy/image/cache/catalog/CATEGORIAS/BAÑO/7730784142810%20BAÑO%20CORTINA%20BUKARA%20LISA%20CTRANSPARENCIA%20MOSTAZA%20-%20MOSTAZA.jpg,<paymentLink>
228,Alfombra Home Class Chenille 40x60,"ALFOMBRA DE BAÑO, TAMAÑO: 40x60cm COMPOSICIÓN: 100% POLIÉSTER, ANTIDESLIZANTE...",,General,https://nuvex.uy/image/cache/catalog/CATEGORIAS/BAÑO/7730784107949%20BAÑO%20ALFOMBRA%20HOME%20CLASS%20CHENILLE%2040x60%20-%20GRIS.jpg,<paymentLink>
227,Alfombra Dohler Home Class Chenille 40*60,"ALFOMBRA DE BAÑO, TAMAÑO: 40x60cm COMPOSICIÓN: 100% POLIÉSTER, ANTIDESLIZANTE, VARIOS COLORES...",,General,https://nuvex.uy/image/cache/catalog/CATEGORIAS/BAÑO/7730784112004%20BAÑO%20ALFOMBRA%20HOME%20CLASS%20CHENILLE%2040x60%20-%20BLANCO.jpg,<paymentLink>
255,Bata Poncho Plus,BATA PONCHO CON CAPUCHA VELOUR TOQUE SUAVE - 100% ALGODÓN - MEDIDA: 70x90cm...,,General,https://nuvex.uy/image/cache/catalog/CATEGORIAS/BAÑO/7891497015881_3.jpg,<paymentLink>
263,Toalla 50*80 Perola,TOALLAS DOHLER LINEA PEROLA 100% ALGODÓN GRAMAJE: 400g/m2 MEDIDA TOALLA ROSTRO: 50x80cmMEDIDA TOALLA..,,General,https://nuvex.uy/image/cache/catalog/CATEGORIAS/BAÑO/7891497886962_7891497886887.jpg,<paymentLink>
220,Accesorios Pp Set 4 Pzas,"KIT DE ACCESORIOS PARA BAÑO 4 PIEZAS. PLASTICO PP DE MUY BUENA CALIDAD. INCLUYE: 1 JABONERA, 1 DISPE..",,General,https://nuvex.uy/image/cache/catalog/CATEGORIAS/BAÑO/7730784156107%20(1).jpg,<paymentLink>
240,Alfombra Pvc 38*60,ALFOMBRA PARA BAÑO. COMPOSICIÓN: PVC. MEDIDAS: 38x60cm -IDEAL PARA EVITAR RESBALONES EN LA DUCHA...,,General,https://nuvex.uy/image/cache/catalog/CATEGORIAS/BAÑO/7730784001483.jpg,<paymentLink>
256,Toalla 50*80 Prisma Estampada,"TOALLA DE ROSTRO DOHLERMEDIDA: 50x80cmCOMPOSICIÓN: 100% ALGODÓN, GRAMAJE: 400 G/M2,..",,General,https://nuvex.uy/image/cache/catalog/CATEGORIAS/BAÑO/7891497201017%20BAÑO%20TOALLA%2050x80%20PRISMA%20EST%205680832%20APOLO%20-%207891497200997%20BAÑO%20TOALLA%2070140%20PRISMA%20EST%205680824%20APOLO%20-.jpg,<paymentLink>
253,Toalla 50*80 Prisma,"Suave y absorbente!      TOALLAS DOHLER LISAS LINEA PRISMA 100% ALGODÓN, GRAMAJE..",,General,https://nuvex.uy/image/cache/catalog/CATEGORIAS/BAÑO/2026/CAMP%204/7891497858365%20BAÑO%20TOALLA%205080%20PRISMA%20AF-1290%2067554478053%20CERE%20-%20CEREZA%20-%207891497858358%20BAÑO%20TOALLA%2070140%20PRISMA%20AF-1290%2067554478088%20-%20CEREZA.jpg,<paymentLink>
257,Toalla 50*80 Prisma,"TOALLA DE ROSTRO DOHLERMEDIDA: 50x80cmCOMPOSICIÓN: 100% ALGODÓN, GRAMAJE: 400 G/M2...",,General,https://nuvex.uy/image/cache/catalog/CATEGORIAS/BAÑO/7891497598643%20-%207891497598339.jpg,<paymentLink>
212,Porta Jabon Liquido Glamour 285 Ml,"PORTA JABÓN LIQUIDO DE PLASTICO TRANSPARENTE CON TEXTURAMATERIAL POLIPROPILENO, MEDIDAS: 16.5x6.5cm ..",,General,https://nuvex.uy/image/cache/catalog/CATEGORIAS/BAÑO/7899808871812.jpg,<paymentLink>
236,Cortina 1 PaÑo Mic Monstruos S/pack,Codigo: 7730784134723                    &nbs..,,General,https://nuvex.uy/image/cache/catalog/CATEGORIAS/BAÑO/7730784134723.jpg,<paymentLink>
237,Toalla 65*130 Dohler Elegance,Codigo: 7891497003697                    &nbs..,,General,https://nuvex.uy/image/cache/catalog/CATEGORIAS/BAÑO/7891497003703%20-%207891497003697.jpg,<paymentLink>
258,Toalla 50*80 Jacq Premium,"TOALLAS DOHLER JACQ PREMIUMCOMPOSICIÓN: 85% ALGODÓN GRAMAJE: 400 G/M2, MEDIDA TOALLA ROSTRO: 50x80cm..",,General,https://nuvex.uy/image/cache/catalog/CATEGORIAS/BAÑO/7891497157321.jpg,<paymentLink>
216,Estuche De Viaje Con Botellas  Surtidos,Codigo: 7899808848463                    &nbs..,,General,https://nuvex.uy/image/cache/catalog/CATEGORIAS/BAÑO/7899808848463%20BAÑO%20ACC%20ESTUCHE%20VIAJE%203%20BOTELLAS%2016231%20SURTIDOS%20-%20SURTIDOS%20(2).jpg,<paymentLink>
226,Toalla 50x70 Priori,TOALLAS DOHLER LINEA PRIORI 100% ALGODÓN GRAMAJE: 340g/m2MEDIDA TOALLA ROSTRO: 50x70cmMEDIDA TOALLA ..,,General,https://nuvex.uy/image/cache/catalog/CATEGORIAS/BAÑO/7891497027631%20BAÑO%20TOALLA%2050x70%20AF-1657%20PRIORI%2079635796105%20-%20ROSA%20OSCURO%20-%207891497027518%20BAÑO%20TOALLA%2065x130%20AF-1657%20PRIORI%2079635796067%20-%20ROSA%20OSCURO%20(1).jpg,<paymentLink>
223,Soporte Shampoo Verde,Codigo: 7896042027036                    &nbs..,,General,https://nuvex.uy/image/cache/catalog/CATEGORIAS/BAÑO/7896042027036_2.jpg,<paymentLink>
218,Porta Cepillo C/hanger Infantil,PORTACEPILLOS IDEAL PARA EL JARDÍN O LA ESCUELAMEDIDA: 6.5x20cm...,,General,https://nuvex.uy/image/cache/catalog/CATEGORIAS/BAÑO/7899808838518%20(1).jpg,<paymentLink>
201,Porta Cepillo C/hanger,PORTACEPILLO CON TAPAMEDIDA: 7x6x20cm...,,General,https://nuvex.uy/image/cache/catalog/CATEGORIAS/BAÑO/7896042037103.jpg,<paymentLink>
225,Cortina Bukara 180*180,CORTINA BUKARA 180X180 CMVIENE CON 12 ARGOLLAS COMPOSICIÓN: 100 % PEVA...,,General,https://nuvex.uy/image/cache/catalog/CATEGORIAS/BAÑO/7730784158958%20(1).jpg,<paymentLink>
294,Toalla  50*70 Paris,TOALLAS DOHLER LINEA PARÍS 100% ALGODÓNGRAMAJE DE 300 G/M²MEDIDA TOALLA ROSTRO: 50x70cm MEDIDA TOALL..,,General,https://nuvex.uy/image/cache/catalog/CATEGORIAS/BAÑO/HOY/7891497146912%20BAÑO%20TOALLA%2050x70%20AF-1671%20PARIS%205669251%20-%20NEGRO%20-%207891497146639%20BAÑO%20TOALLA%2065140%20AF-1671%20PARIS%205669243%20-%20NEGRO.jpg,<paymentLink>
235,Forro De Cortina 180x180,Codigo: 7730784102241                    ..,,General,https://nuvex.uy/image/cache/catalog/CATEGORIAS/BAÑO/7730784102241%20BAÑO%20FORRO%20CORTINA%20PVC%20180x180%20-.jpg,<paymentLink>
272,Toalla Social Dohler Sport,TOALLA SOCIAL DOHLER MATERIAL: 100% ALGODÓN MEDIDAS: 30x80cm IDEAL PARA DEPORTES...,,General,https://nuvex.uy/image/cache/catalog/CATEGORIAS/BAÑO/HOY/7891497399226_1.jpg,<paymentLink>
273,Toalla 44*80 Gaia,Codigo:7891497894837                      &nb..,,General,https://nuvex.uy/image/cache/catalog/CATEGORIAS/BAÑO/HOY/7891497894837%20BAÑO%20TOALLA%204480%20AF-1601%20GAIA%20SURTIDO%20PROM%20-%20SURTIDOS.jpg,<paymentLink>
222,Papelera Estampada Geom Menta,Codigo: 7730784117566                    &nbs..,,General,https://nuvex.uy/image/cache/catalog/CATEGORIAS/BAÑO/7730784117566.jpg,<paymentLink>
217,Porta Cepillo Multiuso  Surtido,Codigo: 7899808872567                    &nbs..,,General,https://nuvex.uy/image/cache/catalog/CATEGORIAS/BAÑO/7899808872567%20BAÑO%20ACC%20PORTA%20CEPILLO%20MULTIUSO%2014148%20LISO%20SURT%20-%20%20(4).jpg,<paymentLink>
247,Social Velour 30*36,TOALLAS SOCIALES TOQUE VELOUR MEDIDA: 30x36cm COMPOSICIÓN: 100% ALGODÓN...,,General,https://nuvex.uy/image/cache/catalog/CATEGORIAS/BAÑO/7730784101084.jpg,<paymentLink>
248,Social Velour 30*30,TOALLAS SOCIALES TOQUE VELOUR - MEDIDA: 30x30cm -COMPOSICIÓN: 100% ALGODÓN...,,General,https://nuvex.uy/image/cache/catalog/CATEGORIAS/BAÑO/7730784162436.png,<paymentLink>
310,Porta Leche,PORTA SALLET DE LECHE O YOGURT ESTAMPADO. MEDIDAS: 16cm ALTO x 12cm ANCHO. MATERIAL: POLIPROPILENO. ..,,General,https://nuvex.uy/image/cache/catalog/CATEGORIAS/HOGAR/BAZAR%20ENCATEX/7899808839102.png,<paymentLink>
224,Porta Jabon Liquido,Codigo: 7896042026367                    ..,,General,https://nuvex.uy/image/cache/catalog/CATEGORIAS/BAÑO/7896042026367.jpg,<paymentLink>
211,Porta Cepillo Glamour 300 Ml,"PORTA CEPILLO DE PLASTICO TRANSPARENTE CON TEXTURA. MATERIAL POLIPROPILENO, LIBRE DE BPA. MEDID..",,General,https://nuvex.uy/image/cache/catalog/CATEGORIAS/BAÑO/7899808870822.jpg,<paymentLink>
245,Social Mic. 30*30,TOALLAS SOCIALES INFANTILES - MEDIDA: 30x30cm -COMPOSICIÓN: 100% MICROFIBRA...,,General,https://nuvex.uy/image/cache/catalog/CATEGORIAS/BAÑO/7730784159634.png,<paymentLink>
246,Social Dohler Capri,TOALLAS SOCIALES DOHLER CAPRI VARIOS COLORESMEDIDAS: 25x36cm MATERIAL: 100% ALGODÓN...,,General,https://nuvex.uy/image/cache/catalog/CATEGORIAS/BAÑO/7891497285031%20BAÑO%20SOCIAL%20DOHLER%20CAPRI%20072285118%20-%20BLANCO.jpg,<paymentLink>
158,Jabonera Nacional Y PeÑarol,JABONERA DE PLASTICOCAPACIDAD: 180mlMEDIDAS: 12 x 9 x 4cm.LIBRE DE BPA...,,General,https://nuvex.uy/image/cache/catalog/CATEGORIAS/BAÑO/7899808832882.JPG,<paymentLink>
215,Jabonera 180ml Infantil,JABONERA DE PLASTICO CAPACIDAD: 180ml MEDIDAS: 12 x 9 x 4cm -LIBRE DE BPA...,,General,https://nuvex.uy/image/cache/catalog/CATEGORIAS/BAÑO/7899808838501%20(1).jpg,<paymentLink>
214,Jabonera Multiuso Surtidas,Codigo: 7899808853580              JABONERA DE POLIPROP..,,General,https://nuvex.uy/image/cache/catalog/CATEGORIAS/BAÑO/7899808853580%20(5).jpg,<paymentLink>